ingredient_symnonym_id,word,code,ingredient_id
1,찹쌀분말,A0100100011813,17
2,쌀분말,A0100100000813,28
3,부소맥,A0100300000000,44
4,부소맥,Y000000000001F,45
5,부소맥,Y0000000000020,46
6,부소맥,A0100300004000,47
7,부소맥,A0100300008000,48
8,교맥,A0100400000000,49
9,교맥,A0100400004000,50
10,교맥,A0100400008000,51
11,옥미수,A0100700000000,68
12,옥고량,A0100700000000,68
13,옥미수,Y000000000002B,69
14,옥고량,Y000000000002B,69
15,옥미수,Y000000000002C,70
16,옥고량,Y000000000002C,70
17,옥미수,Y000000000002D,71
18,옥고량,Y000000000002D,71
19,옥미수,Y000000000002E,72
20,옥고량,Y000000000002E,72
21,옥미수,Y000000000002F,73
22,옥고량,Y000000000002F,73
23,옥미수,Y0000000000030,74
24,옥고량,Y0000000000030,74
25,옥미수,Y0000000000031,75
26,옥고량,Y0000000000031,75
27,옥미수,Y0000000000032,76
28,옥고량,Y0000000000032,76
29,옥미수,A0100700004000,77
30,옥고량,A0100700004000,77
31,옥미수,A0100700008000,78
32,옥고량,A0100700008000,78
33,의이인,A0101000000000,85
34,의이인,Y0000000000033,86
35,의이인,Y0000000000034,87
36,의이인,Y0000000000035,88
37,의이인,A0101000004000,89
38,의이인,A0101000008000,90
39,Quinoa,A0101300000000,98
40,Quinoa,A0101300004000,99
41,Quinoa,A0101300008000,100
42,라이밀,A0101400000000,101
43,라이밀,A0101400004000,102
44,라이밀,A0101400008000,103
45,타피오카,A0200500000000,165
46,타피오카,A0200500004000,166
47,타피오카,A0200500008000,167
48,구약,A0200600000000,168
49,곤약의 잎줄기,A0200600000000,168
50,구약,A0200600004000,169
51,곤약의 잎줄기,A0200600004000,169
52,구약,A0200600008000,170
53,곤약의 잎줄기,A0200600008000,170
54,콩,A0300000000000,180
55,콩,Y000000000005F,181
56,콩,Y0000000000060,182
57,콩,Y0000000000061,183
58,콩,Y0000000000062,184
59,콩,Y0000000000063,185
60,콩,Y0000000000064,186
61,콩,Y0000000000065,187
62,콩,Y0000000000066,188
63,콩,Y0000000000067,189
64,콩,Y0000000000068,190
65,콩,Y0000000000069,191
66,콩,Y000000000006A,192
67,콩,Y000000000006B,193
68,콩,Y000000000006C,194
69,콩,Y000000000006D,195
70,콩,Y000000000006E,196
71,콩,Y000000000006F,197
72,콩,Y0000000000070,198
73,콩,Y0000000000071,199
74,콩분말,A0300000000813,200
75,적소두,A0300600000000,231
76,적소두,Y0000000000080,232
77,적소두,Y0000000000081,233
78,적소두,Y0000000000082,234
79,적소두,Y0000000000083,235
80,적소두,Y0000000000084,236
81,적소두,A0300600004000,237
82,적소두,A0300600008000,238
83,풋콩,A0301100000000,251
84,풋콩,A0301100004000,252
85,풋콩,A0301100008000,253
86,칼콩,A0301300000000,257
87,도두,A0301300000000,257
88,칼콩,A0301300004000,258
89,도두,A0301300004000,258
90,칼콩,A0301300008000,259
91,도두,A0301300008000,259
92,백편두,A0301500000000,263
93,백편두,A0301500004000,264
94,백편두,A0301500008000,265
95,적소두,A0301600000000,266
96,소두화,A0301600000000,266
97,예팥,A0301600000000,266
98,적소두,A0301600004000,267
99,소두화,A0301600004000,267
100,예팥,A0301600004000,267
101,적소두,A0301600008000,268
102,소두화,A0301600008000,268
103,예팥,A0301600008000,268
104,호도인,A0400100200000,294
105,호도인,Y0000000000096,295
106,호도인,Y0000000000097,296
107,호도인,Y0000000000098,297
108,호도인,Y0000000000099,298
109,호도인,Y000000000009A,299
110,호도인,Y000000000009B,300
111,호도인,Y000000000009C,301
112,호도인,A0400100204000,302
113,호도인,A0400100208000,303
114,백과,A0400100300000,304
115,백과,Y000000000009D,305
116,백과,Y000000000009E,306
117,백과,Y000000000009F,307
118,백과,A0400100304000,308
119,백과,A0400100308000,309
120,도토리분말,A0400101200813,342
121,목천료,A0400101300000,343
122,목천료,A0400101304000,344
123,목천료,A0400101308000,345
124,흑지마,A0400200100000,353
125,흑지마,Y00000000000A5,354
126,흑지마,Y00000000000A6,355
127,흑지마,A0400200104000,356
128,흑지마,A0400200108000,357
129,들깨분말,A0400200500813,372
130,카놀라씨,A0400200900000,382
131,카놀라씨,A0400200904000,383
132,카놀라씨,A0400200908000,384
133,코코아,A0400300200000,398
134,코코아,A0400300204000,399
135,코코아,A0400300208000,400
136,곶감,A0500100404000,583
137,그레이프푸룻,A0500200300000,636
138,그레이프푸룻,Y000000000016B,637
139,그레이프푸룻,Y000000000016C,638
140,그레이프푸룻,Y000000000016D,639
141,그레이프푸룻,Y000000000016E,640
142,그레이프푸룻,Y000000000016F,641
143,그레이프푸룻,Y0000000000170,642
144,금감,A0500200700000,657
145,금강,A0500200700000,657
146,금감,A0500200704000,658
147,금강,A0500200704000,658
148,금감,A0500200708000,659
149,금강,A0500200708000,659
150,지실,A0500200800000,660
151,광귤,A0500200800000,660
152,노실,A0500200800000,660
153,지실,A0500200804000,661
154,광귤,A0500200804000,661
155,노실,A0500200804000,661
156,지실,A0500200808000,662
157,광귤,A0500200808000,662
158,노실,A0500200808000,662
159,대조,A0500300200000,819
160,대조,Y00000000001FD,820
161,대조,Y00000000001FE,821
162,대조,Y00000000001FF,822
163,대조,Y0000000000200,823
164,대조,Y0000000000201,824
165,대조,Y0000000000202,825
166,대조,Y0000000000203,826
167,대조,Y0000000000204,827
168,대조,Y0000000000205,828
169,대조,Y0000000000206,829
170,대조,Y0000000000207,830
171,대조,A0500300208000,832
172,오매,A0500300500000,866
173,오매,Y0000000000223,867
174,오매,Y0000000000224,868
175,오매,A0500300504000,869
176,오매,A0500300508000,870
177,덩굴월귤,A0500400900000,985
178,덩굴월귤,A0500400904000,986
179,덩굴월귤,A0500400908000,987
180,라즈베리,A0500401000000,988
181,라즈베리,A0500401004000,989
182,라즈베리,A0500401008000,990
183,참다래,A0500500300000,1036
184,참다래,Y0000000000276,1037
185,참다래,Y0000000000277,1038
186,참다래,Y0000000000278,1039
187,참다래,Y0000000000279,1040
188,참다래,Y000000000027A,1041
189,참다래,Y000000000027B,1042
190,참다래,A0500500304000,1043
191,참다래,A0500500308000,1044
192,구와바,A0500500800000,1057
193,패션푸룻,A0500501100000,1066
194,듀리안,A0500501200000,1069
195,망고스턴,A0500501300000,1072
196,페이조아,A0500501800000,1087
197,페이조아,A0500501804000,1088
198,페이조아,A0500501808000,1089
199,용과,A0500502000000,1093
200,용과,A0500502004000,1094
201,용과,A0500502008000,1095
202,구아바야나,A0500502500000,1108
203,사우얼솝,A0500502500000,1108
204,guanabana,A0500502500000,1108
205,구아바야나,A0500502504000,1109
206,사우얼솝,A0500502504000,1109
207,guanabana,A0500502504000,1109
208,구아바야나,A0500502508000,1110
209,사우얼솝,A0500502508000,1110
210,guanabana,A0500502508000,1110
211,브로코리,A0600100300000,1137
212,녹색꽃양배추,A0600100300000,1137
213,브로코리,Y0000000000288,1138
214,녹색꽃양배추,Y0000000000288,1138
215,브로코리,Y0000000000289,1139
216,녹색꽃양배추,Y0000000000289,1139
217,깻잎,A0600200700000,1194
218,깻잎,Y00000000002A8,1195
219,깻잎,Y00000000002A9,1196
220,깻잎,Y00000000002AA,1197
221,깻잎,Y00000000002AB,1198
222,동규자,A0600200900000,1204
223,동규자,A0600200904000,1205
224,동규자,A0600200908000,1206
225,국거,A0600202000000,1256
226,국거,A0600202004000,1257
227,국거,A0600202008000,1258
228,파세리,A0600202200000,1262
229,신립초,A0600202400000,1268
230,명일엽,A0600202400000,1268
231,신립초,A0600202404000,1269
232,명일엽,A0600202404000,1269
233,신립초,A0600202408000,1270
234,명일엽,A0600202408000,1270
235,당귀잎,A0600203200000,1292
236,당귀잎,A0600203204000,1293
237,당귀잎,A0600203208000,1294
238,쑥분말,A0600203300813,1298
239,카밀레,A0600203500000,1302
240,카밀레,A0600203504000,1303
241,카밀레,A0600203508000,1304
242,텐차,A0600203800000,1311
243,텐차,A0600203804000,1312
244,텐차,A0600203808000,1313
245,Honey bush,A0600203900000,1314
246,Honey bush,A0600203904000,1315
247,Honey bush,A0600203908000,1316
248,Ramie,A0600204100000,1320
249,Ramie,A0600204104000,1321
250,Ramie,A0600204108000,1322
251,인진호,A0600204200000,1323
252,인진,A0600204200000,1323
253,인진호,A0600204204000,1324
254,인진,A0600204204000,1324
255,인진호,A0600204208000,1325
256,인진,A0600204208000,1325
257,취,A0600204400000,1329
258,취,A0600204404000,1330
259,취,A0600204408000,1331
260,Gotu Kola,A0600205300000,1356
261,Gotu Kola,A0600205304000,1357
262,Gotu Kola,A0600205308000,1358
263,애엽,A0600205400000,1359
264,애엽,A0600205404000,1360
265,애엽,A0600205408000,1361
266,뱀배추,A0600205500000,1362
267,뱀배추,A0600205504000,1363
268,뱀배추,A0600205508000,1364
269,제니,A0600205900000,1374
270,제니,A0600205904000,1375
271,제니,A0600205908000,1376
272,위령선,A0600206200000,1383
273,위령선,A0600206204000,1384
274,위령선,A0600206208000,1385
275,비파(잎),A0600206400000,1389
276,비파(잎),A0600206404000,1390
277,비파(잎),A0600206408000,1391
278,큰골집신나물,A0600206500000,1392
279,용아초,A0600206500000,1392
280,선학초,A0600206500000,1392
281,지동풍,A0600206500000,1392
282,자모초,A0600206500000,1392
283,금선초,A0600206500000,1392
284,자초,A0600206500000,1392
285,과향초,A0600206500000,1392
286,익지,A0600206500000,1392
287,펼비,A0600206500000,1392
288,큰골집신나물,A0600206504000,1393
289,용아초,A0600206504000,1393
290,선학초,A0600206504000,1393
291,지동풍,A0600206504000,1393
292,자모초,A0600206504000,1393
293,금선초,A0600206504000,1393
294,자초,A0600206504000,1393
295,과향초,A0600206504000,1393
296,익지,A0600206504000,1393
297,펼비,A0600206504000,1393
298,큰골집신나물,A0600206508000,1394
299,용아초,A0600206508000,1394
300,선학초,A0600206508000,1394
301,지동풍,A0600206508000,1394
302,자모초,A0600206508000,1394
303,금선초,A0600206508000,1394
304,자초,A0600206508000,1394
305,과향초,A0600206508000,1394
306,익지,A0600206508000,1394
307,펼비,A0600206508000,1394
308,지유초,A0600206600000,1395
309,지우초,A0600206600000,1395
310,수박풀,A0600206600000,1395
311,백지유,A0600206600000,1395
312,적지유,A0600206600000,1395
313,삽지유,A0600206600000,1395
314,샐럿 버넷,A0600206600000,1395
315,샐러드 버넷,A0600206600000,1395
316,외나무,A0600206600000,1395
317,지유,A0600206600000,1395
318,지유초,A0600206604000,1396
319,지우초,A0600206604000,1396
320,수박풀,A0600206604000,1396
321,백지유,A0600206604000,1396
322,적지유,A0600206604000,1396
323,삽지유,A0600206604000,1396
324,샐럿 버넷,A0600206604000,1396
325,샐러드 버넷,A0600206604000,1396
326,외나무,A0600206604000,1396
327,지유,A0600206604000,1396
328,지유초,A0600206608000,1397
329,지우초,A0600206608000,1397
330,수박풀,A0600206608000,1397
331,백지유,A0600206608000,1397
332,적지유,A0600206608000,1397
333,삽지유,A0600206608000,1397
334,샐럿 버넷,A0600206608000,1397
335,샐러드 버넷,A0600206608000,1397
336,외나무,A0600206608000,1397
337,지유,A0600206608000,1397
338,가삼자리,A0600206700000,1398
339,꼭두선이,A0600206700000,1398
340,천초근,A0600206700000,1398
341,갈퀴잎,A0600206700000,1398
342,천근,A0600206700000,1398
343,혈견수,A0600206700000,1398
344,활혈단,A0600206700000,1398
345,팔선초,A0600206700000,1398
346,금잔초,A0600206700000,1398
347,홍사선,A0600206700000,1398
348,가삼자리,A0600206704000,1399
349,꼭두선이,A0600206704000,1399
350,천초근,A0600206704000,1399
351,갈퀴잎,A0600206704000,1399
352,천근,A0600206704000,1399
353,혈견수,A0600206704000,1399
354,활혈단,A0600206704000,1399
355,팔선초,A0600206704000,1399
356,금잔초,A0600206704000,1399
357,홍사선,A0600206704000,1399
358,가삼자리,A0600206708000,1400
359,꼭두선이,A0600206708000,1400
360,천초근,A0600206708000,1400
361,갈퀴잎,A0600206708000,1400
362,천근,A0600206708000,1400
363,혈견수,A0600206708000,1400
364,활혈단,A0600206708000,1400
365,팔선초,A0600206708000,1400
366,금잔초,A0600206708000,1400
367,홍사선,A0600206708000,1400
368,연화초,A0600206800000,1401
369,홍화채,A0600206800000,1401
370,쇄미제,A0600206800000,1401
371,야화생,A0600206800000,1401
372,연화초,A0600206804000,1402
373,홍화채,A0600206804000,1402
374,쇄미제,A0600206804000,1402
375,야화생,A0600206804000,1402
376,연화초,A0600206808000,1403
377,홍화채,A0600206808000,1403
378,쇄미제,A0600206808000,1403
379,야화생,A0600206808000,1403
380,아주까리,A0600206900000,1404
381,아주까리,Y00000000002BF,1405
382,아주까리,Y00000000002C0,1406
383,아주까리,A0600206904000,1407
384,아주까리,A0600206908000,1408
385,가재무릇,A0600207300000,1418
386,산우두,A0600207300000,1418
387,차저엽산자고,A0600207300000,1418
388,얼레지나물,A0600207300000,1418
389,가재무릇,A0600207304000,1419
390,산우두,A0600207304000,1419
391,차저엽산자고,A0600207304000,1419
392,얼레지나물,A0600207304000,1419
393,가재무릇,A0600207308000,1420
394,산우두,A0600207308000,1420
395,차저엽산자고,A0600207308000,1420
396,얼레지나물,A0600207308000,1420
397,시저스 레드,A0600207600000,1427
398,적코스,A0600207600000,1427
399,레드코스,A0600207600000,1427
400,적양상추,A0600207600000,1427
401,미니코스,A0600207600000,1427
402,코스상추,A0600207600000,1427
403,시저스 샐러드,A0600207600000,1427
404,로마상추,A0600207600000,1427
405,청로메인상추,A0600207600000,1427
406,시저스 레드,A0600207604000,1428
407,적코스,A0600207604000,1428
408,레드코스,A0600207604000,1428
409,적양상추,A0600207604000,1428
410,미니코스,A0600207604000,1428
411,코스상추,A0600207604000,1428
412,시저스 샐러드,A0600207604000,1428
413,로마상추,A0600207604000,1428
414,청로메인상추,A0600207604000,1428
415,시저스 레드,A0600207608000,1429
416,적코스,A0600207608000,1429
417,레드코스,A0600207608000,1429
418,적양상추,A0600207608000,1429
419,미니코스,A0600207608000,1429
420,코스상추,A0600207608000,1429
421,시저스 샐러드,A0600207608000,1429
422,로마상추,A0600207608000,1429
423,청로메인상추,A0600207608000,1429
424,Common Sow Thistle,A0600207800000,1433
425,Common Sow Thistle,A0600207804000,1434
426,Common Sow Thistle,A0600207808000,1435
427,삼채,A0600208200000,1445
428,삼채,A0600208204000,1446
429,삼채,A0600208208000,1447
430,무쿠누웬나,A0600208300000,1448
431,무쿠누웬나,A0600208304000,1449
432,무쿠누웬나,A0600208308000,1450
433,총백,A0600300100000,1455
434,총백,Y00000000002C1,1456
435,총백,Y00000000002C2,1457
436,총백,Y00000000002C3,1458
437,총백,A0600300108000,1460
438,구자,A0600300200000,1461
439,구자,Y00000000002C4,1462
440,구자,Y00000000002C5,1463
441,구자,Y00000000002C6,1464
442,구자,A0600300204000,1465
443,구자,A0600300208000,1466
444,고구마순,A0600300400000,1473
445,고구마순,Y00000000002CA,1474
446,고구마순,Y00000000002CB,1475
447,고구마순,Y00000000002CC,1476
448,고구마순,Y00000000002CD,1477
449,고구마순,Y00000000002CE,1478
450,궐채,A0600300600000,1484
451,궐채,Y00000000002CF,1485
452,궐채,Y00000000002D0,1486
453,궐채,A0600300604000,1487
454,궐채,A0600300608000,1488
455,소백부,A0600300700000,1489
456,소백부,A0600300704000,1490
457,소백부,A0600300708000,1491
458,양미나리,A0600300800000,1492
459,양미나리,Y00000000002D1,1493
460,양미나리,Y00000000002D2,1494
461,순무양배추,A0600301000000,1503
462,순무양배추,Y00000000002D6,1504
463,순무양배추,Y00000000002D7,1505
464,순무양배추,A0600301004000,1506
465,순무양배추,A0600301008000,1507
466,산달래,A0600301300000,1518
467,해백,A0600301300000,1518
468,산달래,A0600301304000,1519
469,해백,A0600301304000,1519
470,산달래,A0600301308000,1520
471,해백,A0600301308000,1520
472,식방풍,A0600302700000,1560
473,식방풍,A0600302704000,1561
474,식방풍,A0600302708000,1562
475,환삼덩굴,A0600302900000,1566
476,범삼덩굴,A0600302900000,1566
477,율초,A0600302900000,1566
478,환삼덩굴,A0600302904000,1567
479,범삼덩굴,A0600302904000,1567
480,율초,A0600302904000,1567
481,환삼덩굴,A0600302908000,1568
482,범삼덩굴,A0600302908000,1568
483,율초,A0600302908000,1568
484,자원,A0600303000000,1569
485,소판,A0600303000000,1569
486,협판채,A0600303000000,1569
487,산백채,A0600303000000,1569
488,자완,A0600303000000,1569
489,자와,A0600303000000,1569
490,자원,A0600303004000,1570
491,소판,A0600303004000,1570
492,협판채,A0600303004000,1570
493,산백채,A0600303004000,1570
494,자완,A0600303004000,1570
495,자와,A0600303004000,1570
496,자원,A0600303008000,1571
497,소판,A0600303008000,1571
498,협판채,A0600303008000,1571
499,산백채,A0600303008000,1571
500,자완,A0600303008000,1571
501,자와,A0600303008000,1571
502,태자삼,A0600303100000,1572
503,들별꽃,A0600303100000,1572
504,태자삼,A0600303104000,1573
505,들별꽃,A0600303104000,1573
506,태자삼,A0600303108000,1574
507,들별꽃,A0600303108000,1574
508,옥매듭,A0600303400000,1581
509,돼지풀,A0600303400000,1581
510,편축,A0600303400000,1581
511,옥매듭,A0600303404000,1582
512,돼지풀,A0600303404000,1582
513,편축,A0600303404000,1582
514,옥매듭,A0600303408000,1583
515,돼지풀,A0600303408000,1583
516,편축,A0600303408000,1583
517,Purslane,A0600303800000,1593
518,마치현,A0600303800000,1593
519,Purslane,A0600303804000,1594
520,마치현,A0600303804000,1594
521,Purslane,A0600303808000,1595
522,마치현,A0600303808000,1595
523,가시나물,A0600304500000,1614
524,항가새,A0600304500000,1614
525,대계,A0600304500000,1614
526,가시나물,A0600304504000,1615
527,항가새,A0600304504000,1615
528,대계,A0600304504000,1615
529,가시나물,A0600304508000,1616
530,항가새,A0600304508000,1616
531,대계,A0600304508000,1616
532,분홍아욱,A0600304600000,1617
533,분홍아욱,A0600304604000,1618
534,분홍아욱,A0600304608000,1619
535,드럼스틱트리,A0600304800000,1623
536,무,A0600400100000,1628
537,무말랭이,A0600400104000,1629
538,냉동무,A0600400108000,1630
539,마늘분말,A0600400300813,1650
540,건강,A0600400500000,1658
541,건강,Y00000000002ED,1659
542,건강,Y00000000002EE,1660
543,건강,Y00000000002EF,1661
544,건강,Y00000000002F0,1662
545,건강,Y00000000002F1,1663
546,건강,Y00000000002F2,1664
547,건강,Y00000000002F3,1665
548,건강,Y00000000002F4,1666
549,건강,A0600400508000,1668
550,길경,A0600400800000,1675
551,길경,Y00000000002F5,1676
552,길경,Y00000000002F6,1677
553,길경,Y00000000002F7,1678
554,길경,Y00000000002F8,1679
555,길경,Y00000000002F9,1680
556,길경,Y00000000002FA,1681
557,길경,Y00000000002FB,1682
558,길경,Y00000000002FC,1683
559,길경,A0600400804000,1684
560,길경,A0600400808000,1685
561,양유,A0600400900000,1686
562,양유,Y00000000002FD,1687
563,양유,Y00000000002FE,1688
564,양유,Y00000000002FF,1689
565,양유,A0600400904000,1690
566,양유,A0600400908000,1691
567,사탕무,A0600401000000,1692
568,붉은사탕무우,A0600401000000,1692
569,사탕무,Y0000000000300,1693
570,붉은사탕무우,Y0000000000300,1693
571,사탕무,Y0000000000301,1694
572,붉은사탕무우,Y0000000000301,1694
573,사탕무,A0600401004000,1695
574,붉은사탕무우,A0600401004000,1695
575,사탕무,A0600401008000,1696
576,붉은사탕무우,A0600401008000,1696
577,Ginseng,A0600401600000,1712
578,백삼,A0600401600000,1712
579,白蔘,A0600401600000,1712
580,홍삼,A0600401600000,1712
581,紅蔘,A0600401600000,1712
582,야산삼,A0600401600000,1712
583,野山蔘,A0600401600000,1712
584,별직삼,A0600401600000,1712
585,別直蔘,A0600401600000,1712
586,귀개,A0600401600000,1712
587,토정,A0600401600000,1712
588,신초,A0600401600000,1712
589,혈삼,A0600401600000,1712
590,Ginseng,A0600401604000,1713
591,백삼,A0600401604000,1713
592,白蔘,A0600401604000,1713
593,홍삼,A0600401604000,1713
594,紅蔘,A0600401604000,1713
595,야산삼,A0600401604000,1713
596,野山蔘,A0600401604000,1713
597,별직삼,A0600401604000,1713
598,別直蔘,A0600401604000,1713
599,귀개,A0600401604000,1713
600,토정,A0600401604000,1713
601,신초,A0600401604000,1713
602,혈삼,A0600401604000,1713
603,Ginseng,A0600401608000,1714
604,백삼,A0600401608000,1714
605,白蔘,A0600401608000,1714
606,홍삼,A0600401608000,1714
607,紅蔘,A0600401608000,1714
608,야산삼,A0600401608000,1714
609,野山蔘,A0600401608000,1714
610,별직삼,A0600401608000,1714
611,別直蔘,A0600401608000,1714
612,귀개,A0600401608000,1714
613,토정,A0600401608000,1714
614,신초,A0600401608000,1714
615,혈삼,A0600401608000,1714
616,적삼,A0600402000000,1724
617,목양유,A0600402000000,1724
618,산삼,A0600402000000,1724
619,Miltiorrkizae,A0600402000000,1724
620,적삼,A0600402004000,1725
621,목양유,A0600402004000,1725
622,산삼,A0600402004000,1725
623,Miltiorrkizae,A0600402004000,1725
624,적삼,A0600402008000,1726
625,목양유,A0600402008000,1726
626,산삼,A0600402008000,1726
627,Miltiorrkizae,A0600402008000,1726
628,옥죽,A0600402200000,1730
629,옥죽,A0600402204000,1731
630,옥죽,A0600402208000,1732
631,구기자나무(잎),A0600402300000,1733
632,구기자나무(잎),A0600402304000,1734
633,구기자나무(잎),A0600402308000,1735
634,삼엽채,A0600402400000,1736
635,선초,A0600402400000,1736
636,참더덕,A0600402400000,1736
637,삼승더덕,A0600402400000,1736
638,좀만삼,A0600402400000,1736
639,당삼,A0600402400000,1736
640,태삼,A0600402400000,1736
641,삼엽채,A0600402404000,1737
642,선초,A0600402404000,1737
643,참더덕,A0600402404000,1737
644,삼승더덕,A0600402404000,1737
645,좀만삼,A0600402404000,1737
646,당삼,A0600402404000,1737
647,태삼,A0600402404000,1737
648,삼엽채,A0600402408000,1738
649,선초,A0600402408000,1738
650,참더덕,A0600402408000,1738
651,삼승더덕,A0600402408000,1738
652,좀만삼,A0600402408000,1738
653,당삼,A0600402408000,1738
654,태삼,A0600402408000,1738
655,맥동,A0600402500000,1739
656,겨우살이풀,A0600402500000,1739
657,Big bluelily turf,A0600402500000,1739
658,맥동,A0600402504000,1740
659,겨우살이풀,A0600402504000,1740
660,Big bluelily turf,A0600402504000,1740
661,맥동,A0600402508000,1741
662,겨우살이풀,A0600402508000,1741
663,Big bluelily turf,A0600402508000,1741
664,백작약,A0600402600000,1742
665,참작약,A0600402600000,1742
666,Paeny Root,A0600402600000,1742
667,백작약,A0600402604000,1743
668,참작약,A0600402604000,1743
669,Paeny Root,A0600402604000,1743
670,백작약,A0600402608000,1744
671,참작약,A0600402608000,1744
672,Paeny Root,A0600402608000,1744
673,생지황,A0600402800000,1748
674,숙지황,A0600402800000,1748
675,생지황,A0600402804000,1749
676,숙지황,A0600402804000,1749
677,생지황,A0600402808000,1750
678,숙지황,A0600402808000,1750
679,Gastrodiae Rhizoma,A0600402900000,1751
680,적전,A0600402900000,1751
681,Gastrodiae Rhizoma,A0600402904000,1752
682,적전,A0600402904000,1752
683,Gastrodiae Rhizoma,A0600402908000,1753
684,적전,A0600402908000,1753
685,갈근,A0600403200000,1760
686,제채,A0600403600000,1770
687,황정,A0600403700000,1771
688,황정,A0600403704000,1772
689,황정,A0600403708000,1773
690,사삼,A0600404300000,1785
691,제니,A0600404500000,1787
692,노근,A0600404700000,1789
693,노근,A0600404704000,1790
694,노근,A0600404708000,1791
695,번백초,A0600404900000,1795
696,번백초,A0600404904000,1796
697,번백초,A0600404908000,1797
698,자초,A0600405000000,1798
699,자근,A0600405000000,1798
700,자초,A0600405004000,1799
701,자근,A0600405004000,1799
702,자초,A0600405008000,1800
703,자근,A0600405008000,1800
704,토복령,A0600405100000,1801
705,아시아생강,A0600405200000,1802
706,galangal,A0600405200000,1802
707,고량강,A0600405200000,1802
708,아시아생강,A0600405204000,1803
709,galangal,A0600405204000,1803
710,고량강,A0600405204000,1803
711,아시아생강,A0600405208000,1804
712,galangal,A0600405208000,1804
713,고량강,A0600405208000,1804
714,메론,A0600500500000,1877
715,메론,Y0000000000334,1878
716,메론,Y0000000000335,1879
717,메론,Y0000000000336,1880
718,메론,Y0000000000337,1881
719,메론,Y0000000000338,1882
720,메론,Y0000000000339,1883
721,메론,Y000000000033A,1884
722,메론,Y000000000033B,1885
723,메론,Y000000000033C,1886
724,메론,Y000000000033D,1887
725,메론,Y000000000033E,1888
726,메론,Y000000000033F,1889
727,메론,Y0000000000340,1890
728,메론,Y0000000000341,1891
729,메론,Y0000000000342,1892
730,메론,Y0000000000343,1893
731,서양호박,A0600500600000,1896
732,서양호박,A0600500604000,1897
733,서양호박,A0600500608000,1898
734,건고추,A0600600304000,1949
735,건고추,Y0000000000365,1950
736,건고추,Y0000000000366,1951
737,건고추,Y0000000000367,1952
738,건고추,Y0000000000368,1953
739,건고추,Y0000000000369,1954
740,단고추,A0600600500000,1962
741,단고추,Y000000000036D,1963
742,단고추,Y000000000036E,1964
743,단고추,Y000000000036F,1965
744,단고추,Y0000000000370,1966
745,단고추,Y0000000000371,1967
746,단고추,Y0000000000372,1968
747,단고추,A0600600504000,1969
748,단고추,A0600600508000,1970
749,호로,A0600600800000,1981
750,호로,Y0000000000377,1982
751,호로,A0600600804000,1983
752,호로,A0600600808000,1984
753,불로초,A0700800000000,2029
754,젖지,A0700800000000,2029
755,목영지,A0700800000000,2029
756,균영지,A0700800000000,2029
757,영지초,A0700800000000,2029
758,단지,A0700800000000,2029
759,연명초,A0700800000000,2029
760,미수,A0700800000000,2029
761,만년버섯,A0700800000000,2029
762,영지,A0700800000000,2029
763,불로초,A0700800004000,2030
764,젖지,A0700800004000,2030
765,목영지,A0700800004000,2030
766,균영지,A0700800004000,2030
767,영지초,A0700800004000,2030
768,단지,A0700800004000,2030
769,연명초,A0700800004000,2030
770,미수,A0700800004000,2030
771,만년버섯,A0700800004000,2030
772,영지,A0700800004000,2030
773,불로초,A0700800008000,2031
774,젖지,A0700800008000,2031
775,목영지,A0700800008000,2031
776,균영지,A0700800008000,2031
777,영지초,A0700800008000,2031
778,단지,A0700800008000,2031
779,연명초,A0700800008000,2031
780,미수,A0700800008000,2031
781,만년버섯,A0700800008000,2031
782,영지,A0700800008000,2031
783,상황버섯,A0701000000000,2036
784,상황버섯,A0701000004000,2037
785,상황버섯,A0701000008000,2038
786,맛버섯,A0701200000000,2042
787,맛버섯,A0701200004000,2043
788,맛버섯,A0701200008000,2044
789,운지버섯,A0701600000000,2054
790,운지,A0701600000000,2054
791,운지버섯,A0701600004000,2055
792,운지,A0701600004000,2055
793,운지버섯,A0701600008000,2056
794,운지,A0701600008000,2056
795,향버섯,A0701800000000,2060
796,향이,A0701800000000,2060
797,향버섯,A0701800004000,2061
798,향이,A0701800004000,2061
799,향버섯,A0701800008000,2062
800,향이,A0701800008000,2062
801,Chanterelle,A0702200000000,2072
802,Chanterelle,A0702200004000,2073
803,Chanterelle,A0702200008000,2074
804,흑버섯,A0702400000000,2078
805,흑벌집버섯,A0702400000000,2078
806,아카시아 영지,A0702400000000,2078
807,아카시아 재목버섯,A0702400000000,2078
808,장수버섯,A0702400000000,2078
809,흑버섯,A0702400004000,2079
810,흑벌집버섯,A0702400004000,2079
811,아카시아 영지,A0702400004000,2079
812,아카시아 재목버섯,A0702400004000,2079
813,장수버섯,A0702400004000,2079
814,흑버섯,A0702400008000,2080
815,흑벌집버섯,A0702400008000,2080
816,아카시아 영지,A0702400008000,2080
817,아카시아 재목버섯,A0702400008000,2080
818,장수버섯,A0702400008000,2080
819,Beech mushroom,A0702900000000,2093
820,Beech mushroom,A0702900004000,2094
821,Beech mushroom,A0702900008000,2095
822,Truffle,A0703900000000,2123
823,Truffle,A0703900004000,2124
824,Truffle,A0703900008000,2125
825,Staw mushiroom,A0704600000000,2142
826,Staw mushiroom,A0704600004000,2143
827,Staw mushiroom,A0704600008000,2144
828,검은자작나무버섯,A0704900000000,2151
829,검은자작나무버섯,A0704900004000,2152
830,검은자작나무버섯,A0704900008000,2153
831,육계,A0800300000000,2184
832,계지,A0800300000000,2184
833,육계,A0800300004000,2185
834,계지,A0800300004000,2185
835,육계,A0800300008000,2186
836,계지,A0800300008000,2186
837,호유자,A0800400000000,2187
838,호유자,A0800400004000,2188
839,호유자,A0800400008000,2189
840,로즈메리,A0800600000000,2191
841,바실,A0800800000000,2197
842,바실,A0800800004000,2198
843,바실,A0800800008000,2199
844,번홍화,A0801100000000,2206
845,샤프란,A0801100000000,2206
846,번홍화,A0801100004000,2207
847,샤프란,A0801100004000,2207
848,번홍화,A0801100008000,2208
849,샤프란,A0801100008000,2208
850,소엽,A0801800000000,2227
851,자소,A0801800000000,2227
852,소엽,A0801800004000,2228
853,자소,A0801800004000,2228
854,소엽,A0801800008000,2229
855,자소,A0801800008000,2229
856,호초,A0802000000000,2233
857,후춧가루,A0802000000000,2233
858,후추가루,A0802000000000,2233
859,Vanilla Orchid,A0803300000000,2270
860,Vanilla Orchid,A0803300004000,2271
861,Vanilla Orchid,A0803300008000,2272
862,Apple mint,A0803400000000,2273
863,Roundleave mint,A0803400000000,2273
864,Apple mint,A0803400004000,2274
865,Roundleave mint,A0803400004000,2274
866,Apple mint,A0803400008000,2275
867,Roundleave mint,A0803400008000,2275
868,Fingerroot,A0803500000000,2276
869,Chinese ginger,A0803500000000,2276
870,Fingerroot,A0803500004000,2277
871,Chinese ginger,A0803500004000,2277
872,Fingerroot,A0803500008000,2278
873,Chinese ginger,A0803500008000,2278
874,Culantro,A0803600000000,2279
875,Culantro,A0803600004000,2280
876,Culantro,A0803600008000,2281
877,녹차나무,A0900200000000,2305
878,다목,A0900200000000,2305
879,다엽,A0900200000000,2305
880,차엽,A0900200000000,2305
881,녹차나무,A0900200004000,2306
882,다목,A0900200004000,2306
883,다엽,A0900200004000,2306
884,차엽,A0900200004000,2306
885,녹차나무,A0900200008000,2307
886,다목,A0900200008000,2307
887,다엽,A0900200008000,2307
888,차엽,A0900200008000,2307
889,다시마분말,A1100600000813,2348
890,풀등풀가사리,A1101300000000,2368
891,풀등풀가사리,A1101300004000,2369
892,풀등풀가사리,A1101300008000,2370
893,Saccharum officinarum L,A1200100000000,2432
894,Sorghum bicolor var. dulciusculum Ohw,A1200200000000,2433
895,덩굴초,A1200600000000,2437
896,목단피,A1201000000000,2441
897,수피,A1201200000000,2443
898,유근피,A1201500000000,2446
899,국화,A1201900000000,2450
900,포공영,A1202000000000,2451
901,하고초,A1202100000000,2452
902,검실,A1202200000000,2453
903,곽향,A1202300000000,2454
904,연전초,A1202400000000,2455
905,목천료,A1202500000000,2456
906,질려자,A1202600000000,2457
907,백질려,A1202600000000,2457
908,편두,A1202700000000,2458
909,까치콩,A1202700000000,2458
910,제비콩,A1202700000000,2458
911,변두콩,A1202700000000,2458
912,남편두,A1202700000000,2458
913,여리두,A1202700000000,2458
914,아미두,A1202700000000,2458
915,리치,A1202900000000,2460
916,여지핵,A1202900000000,2460
917,염여지핵,A1202900000000,2460
918,롱간,A1203000000000,2461
919,택란,A1203300000000,2464
920,산다,A1203400000000,2465
921,해석류,A1203400000000,2465
922,동백기름나무,A1203400000000,2465
923,산다화,A1203400000000,2465
924,가중나무,A1203500000000,2466
925,저근백피,A1203500000000,2466
926,저백피,A1203500000000,2466
927,노근,A1203700000000,2468
928,Sea buckthorn,A1203800000000,2469
929,비타민나무,A1203800000000,2469
930,Black Mulberry,A1204300000000,2474
931,Black Truffles,A1204400000000,2475
932,계지,A1204700000000,2478
933,육계,A1204700000000,2478
934,painted maple,A1204800000000,2479
935,korosoe tree,A1204800000000,2479
936,Guarana,A1205100000000,2482
937,Gooseberry,A1205300000000,2484
938,감국,A1205400000000,2485
939,진피,A1205500000000,2486
940,청피,A1205500000000,2486
941,Grains of paradise,A1205600000000,2487
942,금앵자,A1205700000000,2488
943,Chufa,A1205800000000,2489
944,CAMUCAMU,A1206000000000,2491
945,Calamondin orange,A1206100000000,2492
946,Tree tomato,A1206300000000,2494
947,나복자,A1206600000000,2497
948,무우씨,A1206600000000,2497
949,Noni,A1206800000000,2499
950,Gold oyster mushroom,A1206900000000,2500
951,Glory bower,A1207100000000,2502
952,노나무,A1207100000000,2502
953,Niger,A1207200000000,2503
954,정력자,A1207300000000,2504
955,고정력,A1207300000000,2504
956,Tartarian buckwheat,A1207500000000,2506
957,Evening primrose,A1207600000000,2507
958,Dayflower,A1207700000000,2508
959,Sweet orange,A1207800000000,2509
960,Bamboo,A1207900000000,2510
961,Bambusoidae,A1207900000000,2510
962,죽여,A1207900000000,2510
963,죽엽,A1207900000000,2510
964,Cannabis sativa Linn?,A1208000000000,2511
965,마인,A1208000000000,2511
966,대마초,A1208000000000,2511
967,마자인,A1208000000000,2511
968,화마인,A1208000000000,2511
969,삼,A1208000000000,2511
970,Bog bilberry,A1208200000000,2513
971,백모근,A1208300000000,2514
972,Lavender,A1208400000000,2515
973,Lime blossom,A1208500000000,2516
974,Langsat,A1208600000000,2517
975,Duku,A1208600000000,2517
976,Longkong,A1208600000000,2517
977,Red currant,A1208700000000,2518
978,개솔새,A1208800000000,2519
979,Lemon grass,A1208800000000,2519
980,Lemon verbena,A1208900000000,2520
981,Lady's mantle,A1209000000000,2521
982,Locoto,A1209100000000,2522
983,Cayenne pepper,A1209100000000,2522
984,Lulo,A1209200000000,2523
985,Naranjilla,A1209200000000,2523
986,Rooibos,A1209300000000,2524
987,Mountoin Ash,A1209400000000,2525
988,Water nut,A1209500000000,2526
989,Water chestnut,A1209500000000,2526
990,Marigold,A1209600000000,2527
991,금잔화,A1209600000000,2527
992,Pot marigold,A1209600000000,2527
993,,A1209600000000,2527
994,양아욱,A1209700000000,2528
995,Marshmallow,A1209700000000,2528
996,Meadowsweet,A1210000000000,2531
997,Melindjo,A1210200000000,2533
998,Fragrant olive,A1210600000000,2537
999,Nalta jute,A1210700000000,2538
1000,Tussa jute,A1210700000000,2538
1001,Cresson,A1210800000000,2539
1002,Water mimosa,A1211000000000,2541
1003,American Ginseng,A1211100000000,2542
1004,Milk thistle,A1211300000000,2544
1005,Banaba,A1211400000000,2545
1006,Jackfruit,A1211500000000,2546
1007,Bergamot,A1212000000000,2551
1008,Bergamot orange,A1212000000000,2551
1009,Berry gold,A1212100000000,2552
1010,LASOORA,A1212100000000,2552
1011,Velvet bean,A1212200000000,2553
1012,Chickweed,A1212300000000,2554
1013,연전초,A1212400000000,2555
1014,Borage,A1212600000000,2557
1015,Pink Oyster mushroom,A1212700000000,2558
1016,Red mulberry,A1212800000000,2559
1017,Red clover,A1212900000000,2560
1018,Brazil nut,A1213000000000,2561
1019,Bladderwrack,A1213100000000,2562
1020,블랙모렐즈,A1213200000000,2563
1021,검은곰보버섯,A1213200000000,2563
1022,Black berry,A1213300000000,2564
1023,Red gram,A1213400000000,2565
1024,Pigeonpea,A1213400000000,2565
1025,Bignay,A1213700000000,2568
1026,오디나무,A1213800000000,2569
1027,상심자,A1213800000000,2569
1028,상지,A1213800000000,2569
1029,상백피,A1213800000000,2569
1030,Sarsaparilla,A1213900000000,2570
1031,잔대,A1214000000000,2571
1032,사삼,A1214000000000,2571
1033,Oyster mushroom,A1214100000000,2572
1034,백리향,A1214200000000,2573
1035,Oyster mushroom,A1214300000000,2574
1036,산사,A1214500000000,2576
1037,참마,A1214600000000,2577
1038,Dandelion,A1214900000000,2580
1039,Dill,A1215000000000,2581
1040,Sorrel,A1215500000000,2601
1041,Shallot,A1215600000000,2602
1042,Staranise,A1215700000000,2603
1043,대회향,A1215700000000,2603
1044,Passion flower,A1215900000000,2605
1045,Citron,A1216000000000,2606
1046,Adam's needle,A1216100000000,2607
1047,Horehound,A1216200000000,2608
1048,Agrimony,A1216300000000,2609
1049,Screw pine,A1216400000000,2610
1050,Arabian Jasmine,A1216500000000,2611
1051,Black chokeberry,A1216600000000,2612
1052,Irish moss,A1216800000000,2614
1053,Artichoke,A1216900000000,2615
1054,카르둔,A1216900000000,2615
1055,노회,A1217000000000,2616
1056,알로애,A1217000000000,2616
1057,Yanang,A1217300000000,2619
1058,산백합,A1217400000000,2620
1059,애엽,A1217500000000,2621
1060,Elderberry,A1218000000000,2627
1061,American elder,A1218000000000,2627
1062,Oyster mushroom,A1218200000000,2629
1063,Button mushroom,A1218300000000,2630
1064,연꽃,A1218400000000,2631
1065,하엽,A1218400000000,2631
1066,연자육,A1218400000000,2631
1067,Yellow boletus,A1218500000000,2632
1068,가시오갈피,A1218600000000,2633
1069,자오가,A1218600000000,2633
1070,Oregano,A1218700000000,2634
1071,유백피,A1219000000000,2637
1072,Wangsongi,A1219100000000,2638
1073,월동춘채,A1219400000000,2641
1074,Yucca,A1219500000000,2642
1075,엄나무,A1219600000000,2643
1076,개두릅나무,A1219600000000,2643
1077,멍구나무,A1219600000000,2643
1078,며느리채찍나무,A1219600000000,2643
1079,Caster Aralia,A1219600000000,2643
1080,해동피,A1219600000000,2643
1081,욱리인,A1219700000000,2644
1082,산앵도나무,A1219700000000,2644
1083,유수라지나무,A1219700000000,2644
1084,Indian sarsaparilla,A1219900000000,2646
1085,Hemidesmus,A1219900000000,2646
1086,Japanese Hawthorn,A1220000000000,2647
1087,화목피,A1220100000000,2648
1088,樺木皮,A1220100000000,2648
1089,Korean Birch,A1220100000000,2648
1090,Prickly Pear,A1220400000000,2651
1091,Indian fig,A1220400000000,2651
1092,후미푸사,A1220400000000,2651
1093,Oyster mushroom,A1220600000000,2653
1094,Japanese yew,A1221200000000,2659
1095,Chinese water chestnut,A1221500000000,2662
1096,희첨,A1221700000000,2664
1097,귤껍질,A1221800000000,2665
1098,Quercus,A1222200000000,2669
1099,Oriental chestnut oak,A1222200000000,2669
1100,물뿌리나무,A1222400000000,2671
1101,참죽나무,A1222500000000,2672
1102,Chinese artichoke,A1222700000000,2674
1103,Cassabanana,A1222800000000,2675
1104,Kakadu plum,A1222900000000,2676
1105,Kaffir lime,A1223000000000,2677
1106,California blackberry,A1223100000000,2678
1107,Caper,A1223200000000,2679
1108,Cocu,A1223300000000,2680
1109,Koku,A1223300000000,2680
1110,King oyster mushroom,A1223400000000,2681
1111,백수오,A1223500000000,2682
1112,Clary,A1223600000000,2683
1113,Taheebo,A1223800000000,2685
1114,Pau D'Arco,A1223800000000,2685
1115,함초,A1223900000000,2686
1116,Paradise nut,A1224000000000,2687
1117,Sapucaia nut,A1224000000000,2687
1118,Cornflower,A1224300000000,2690
1119,수레국화,A1224300000000,2690
1120,콘플라워,A1224300000000,2690
1121,Linden,A1224500000000,2692
1122,Tilia flower,A1224500000000,2692
1123,Calamansi,A1224600000000,2693
1124,Dalandan,A1224700000000,2694
1125,Nasturtium,A1224900000000,2696
1126,매괴화,A1225100000000,2698
1127,Sweet violet,A1225300000000,2700
1128,Fenugreek,A1225700000000,2704
1129,Bottle gourd,A1225800000000,2705
1130,calabash,A1225800000000,2705
1131,Yuugao,A1225800000000,2705
1132,Whiteflowerd gourd,A1225800000000,2705
1133,Hawthorn,A1225900000000,2706
1134,Safflower,A1226000000000,2707
1135,귀전우,A1226100000000,2708
1136,단너삼,A1226300000000,2710
1137,독지,A1226300000000,2710
1138,백본,A1226300000000,2710
1139,옥손,A1226300000000,2710
1140,황지,A1226300000000,2710
1141,목황기,A1226300000000,2710
1142,면화기,A1226300000000,2710
1143,황초,A1226300000000,2710
1144,황계,A1226300000000,2710
1145,Black walnut,A1226500000000,2712
1146,희첨,A1226600000000,2713
1147,White Truffles,A1226700000000,2714
1148,White jelly fungi,A1226800000000,2715
1149,Hibiscus,A1226900000000,2716
1150,Hyssop,A1227000000000,2717
1151,곡기생,A1227100000000,2718
1152,선복화,A1227400000000,2721
1153,들국화,A1227400000000,2721
1154,옷풀,A1227400000000,2721
1155,하국화,A1227400000000,2721
1156,오월국,A1227400000000,2721
1157,금전국,A1227400000000,2721
1158,유월국,A1227400000000,2721
1159,대화선복화,A1227400000000,2721
1160,금전초,A1227400000000,2721
1161,하국,A1227400000000,2721
1162,도경,A1227400000000,2721
1163,대심,A1227400000000,2721
1164,금정화,A1227400000000,2721
1165,금잔화,A1227400000000,2721
1166,옷풀,A1227400000000,2721
1167,금비초,A1227400000000,2721
1168,노가주,A1227500000000,2722
1169,Juniperberry,A1227500000000,2722
1170,땅두릅,A1227900000000,2726
1171,땃두름나물,A1227900000000,2726
1172,욋두릅,A1227900000000,2726
1173,풀두릅,A1227900000000,2726
1174,총목,A1227900000000,2726
1175,Aralia cordata,A1227900000000,2726
1176,Maca,A1228100000000,2728
1177,Willow,A1228200000000,2729
1178,Boswellia,A1228300000000,2730
1179,Indian frankincense,A1228300000000,2730
1180,복신,A1228400000000,2731
1181,아출,A1228500000000,2732
1182,Red clover,A1228600000000,2733
1183,대추,A1228900000000,2736
1184,우슬,A1229300000000,2740
1185,쇠무릎풀,A1229300000000,2740
1186,Yarrow,A1229500000000,2742
1187,어성초,A1229600000000,2743
1188,강황,A1229900000000,2746
1189,심황,A1229900000000,2746
1190,Ginko,A1230000000000,2747
1191,육모초,A1230100000000,2748
1192,임모초,A1230100000000,2748
1193,충울자,A1230100000000,2748
1194,충이자,A1230100000000,2748
1195,암눈비앗,A1230100000000,2748
1196,익지의 열매,A1230200000000,2749
1197,금은화,A1230300000000,2750
1198,Java(nese) turmeric,A1230400000000,2751
1199,Tumulawak,A1230400000000,2751
1200,Temu lawak,A1230400000000,2751
1201,Paeoniae Radix Rubra,A1230500000000,2752
1202,솜대,A1230600000000,2753
1203,Valerian Root,A1230700000000,2754
1204,길초근,A1230700000000,2754
1205,칠리향,A1230700000000,2754
1206,측백엽,A1231000000000,2757
1207,갈화,A1231200000000,2759
1208,침향,A1231300000000,2760
1209,Long pepper,A1231500000000,2762
1210,Sweet violet,A1231600000000,2763
1211,괴각,A1231800000000,2765
1212,괴화,A1231800000000,2765
1213,알파파,A1232000000000,2774
1214,Lucerne,A1232000000000,2774
1215,자주꽃자리풀,A1232000000000,2774
1216,강호리,A1232100000000,2775
1217,강흐리,A1232100000000,2775
1218,반하,A1232200000000,2776
1219,반하국,A1232200000000,2776
1220,강반하,A1232200000000,2776
1221,가는잎방풍,A1232300000000,2777
1222,방풍나물,A1232300000000,2777
1223,백거,A1232400000000,2778
1224,향백지,A1232400000000,2778
1225,묏미나리뿌리,A1232500000000,2779
1226,참나물뿌리,A1232500000000,2779
1227,산시호,A1232500000000,2779
1228,Anemarrhena,A1232600000000,2780
1229,쇠태나물,A1232700000000,2781
1230,부자,A1232800000000,2782
1231,바곳,A1232800000000,2782
1232,바꽃,A1232800000000,2782
1233,천오,A1232800000000,2782
1234,황련초,A1232900000000,2783
1235,간계근,A1232900000000,2783
1236,천량금,A1232900000000,2783
1237,방장초,A1232900000000,2783
1238,선령비,A1232900000000,2783
1239,강전,A1232900000000,2783
1240,양곽엽,A1232900000000,2783
1241,삼지초,A1232900000000,2783
1242,오배자나무,A1233000000000,2784
1243,오배자(문합,A1233000000000,2784
1244,백충창,A1233000000000,2784
1245,붉나무벌레집),A1233000000000,2784
1246,염부목,A1233000000000,2784
1247,불나무,A1233000000000,2784
1248,북나무,A1233000000000,2784
1249,뿔나무,A1233000000000,2784
1250,너삼,A1233100000000,2785
1251,뱀의정자나무,A1233100000000,2785
1252,산괴수,A1233100000000,2785
1253,지삼,A1233100000000,2785
1254,산두근,A1233100000000,2785
1255,산괴자,A1233100000000,2785
1256,고골,A1233100000000,2785
1257,능랑,A1233100000000,2785
1258,야괴수,A1233100000000,2785
1259,백고,A1233100000000,2785
1260,괴마근자,A1233100000000,2785
1261,가마뜨넝굴,A1233100000000,2785
1262,고삼,A1233100000000,2785
1263,초당,A1233200000000,2786
1264,반하정,A1233200000000,2786
1265,남성,A1233200000000,2786
1266,호고사우,A1233200000000,2786
1267,청두초,A1233200000000,2786
1268,사두초,A1233200000000,2786
1269,독족련,A1233200000000,2786
1270,복사나무,A1233400000000,2788
1271,복숭나무,A1233400000000,2788
1272,도화,A1233400000000,2788
1273,도화악,A1233400000000,2788
1274,당목향,A1233500000000,2789
1275,Kut Root,A1233500000000,2789
1276,Kut,A1233500000000,2789
1277,Kushtha,A1233500000000,2789
1278,Kuth,A1233500000000,2789
1279,Pulsatillae Radix,A1233600000000,2790
1280,파고지,A1233700000000,2791
1281,호구자,A1233700000000,2791
1282,보골치,A1233700000000,2791
1283,개암풀,A1233700000000,2791
1284,Psoraleae Semen,A1233700000000,2791
1285,민족도리풀,A1233800000000,2792
1286,족도리,A1233800000000,2792
1287,세신,A1233800000000,2792
1288,조리풀,A1233800000000,2792
1289,족두리풀,A1233800000000,2792
1290,만병초,A1233800000000,2792
1291,놋동이풀,A1233800000000,2792
1292,wild ginger,A1233800000000,2792
1293,속단,A1233900000000,2793
1294,신이,A1234000000000,2794
1295,주승마,A1234100000000,2795
1296,주마,A1234100000000,2795
1297,계골승마,A1234100000000,2795
1298,귀검승마,A1234100000000,2795
1299,끼멸까리,A1234100000000,2795
1300,Cohosh,A1234100000000,2795
1301,Snakeroot,A1234100000000,2795
1302,연밥,A1234400000000,2798
1303,연육,A1234400000000,2798
1304,연자,A1234400000000,2798
1305,악실,A1234500000000,2799
1306,차전자,A1234600000000,2800
1307,차전초,A1234600000000,2800
1308,장엽차전,A1234600000000,2800
1309,립워트,A1234600000000,2800
1310,하눌타리,A1234700000000,2801
1311,하늘수박,A1234700000000,2801
1312,쥐참외,A1234700000000,2801
1313,천화분,A1234700000000,2801
1314,과루인,A1234700000000,2801
1315,과루근,A1234700000000,2801
1316,절패모,A1234800000000,2802
1317,편패모,A1234800000000,2802
1318,조선패모,A1234800000000,2802
1319,애기부들,A1234900000000,2803
1320,좀부들,A1234900000000,2803
1321,큰잎부들,A1234900000000,2803
1322,개살구나무,A1235000000000,2804
1323,살구나무,A1235000000000,2804
1324,시베리아살구나무,A1235000000000,2804
1325,아르메니아살구,A1235000000000,2804
1326,갯뿌리방동사니,A1235100000000,2805
1327,능소초,A1235200000000,2806
1328,야지마,A1235200000000,2806
1329,원삼,A1235200000000,2806
1330,오원삼,A1235200000000,2806
1331,흑현삼,A1235200000000,2806
1332,현호색,A1235300000000,2807
1333,왕련,A1235400000000,2808
1334,지련,A1235400000000,2808
1335,왜황련,A1235400000000,2808
1336,일황련,A1235400000000,2808
1337,황벽나무,A1235500000000,2809
1338,황경피나무,A1235500000000,2809
1339,황경나무,A1235500000000,2809
1340,횡경피나무,A1235500000000,2809
1341,벽목,A1235500000000,2809
1342,벽피,A1235500000000,2809
1343,단환,A1235500000000,2809
1344,후피,A1235600000000,2810
1345,적박,A1235600000000,2810
1346,열박,A1235600000000,2810
1347,당후박,A1235600000000,2810
1348,가리륵,A1235700000000,2811
1349,가려륵,A1235700000000,2811
1350,가려,A1235700000000,2811
1351,감택,A1235800000000,2812
1352,주전,A1235800000000,2812
1353,고택,A1235800000000,2812
1354,육엽,A1235800000000,2812
1355,감엽,A1235800000000,2812
1356,백축,A1235900000000,2813
1357,흑축,A1235900000000,2813
1358,견우화,A1235900000000,2813
1359,견우랑,A1235900000000,2813
1360,남우화,A1235900000000,2813
1361,나팔꽃,A1235900000000,2813
1362,맨드래미,A1236000000000,2814
1363,계관,A1236000000000,2814
1364,계두,A1236000000000,2814
1365,혈풍등,A1236100000000,2815
1366,백화유마등,A1236100000000,2815
1367,는장이,A1236200000000,2816
1368,여,A1236200000000,2816
1369,홍심려,A1236200000000,2816
1370,학정초,A1236200000000,2816
1371,연지채,A1236200000000,2816
1372,붉은잎증쟁이,A1236200000000,2816
1373,붉은잎명아주,A1236200000000,2816
1374,목적초,A1236300000000,2817
1375,절절초,A1236300000000,2817
1376,목적,A1236300000000,2817
1377,콤푸레,A1236400000000,2818
1378,감부리,A1236400000000,2818
1379,캄프리,A1236400000000,2818
1380,교나,A1236500000000,2819
1381,페파민트,A1236700000000,2849
1382,홍현채,A1236800000000,2850
1383,색비름,A1236800000000,2850
1384,물시금치,A1237000000000,2852
1385,설채,A1237100000000,2853
1386,구멍이,A1237300000000,2855
1387,도깨비엉겅퀴,A1237300000000,2855
1388,곤드레,A1237300000000,2855
1389,갯나물,A1237500000000,2857
1390,세발나물,A1237500000000,2857
1391,세발초,A1237500000000,2857
1392,새발나물,A1237500000000,2857
1393,절구대,A1237600000000,2858
1394,둥둥방망이,A1237600000000,2858
1395,개수리취,A1237600000000,2858
1396,분취아재비,A1237600000000,2858
1397,누로,A1237600000000,2858
1398,황단향,A1237700000000,2859
1399,진단,A1237700000000,2859
1400,옥단,A1237700000000,2859
1401,우독초,A1237800000000,2860
1402,묘안초,A1237800000000,2860
1403,백빈랑,A1237900000000,2861
1404,빈랑인,A1237900000000,2861
1405,대복빈랑,A1237900000000,2861
1406,감람자,A1237900000000,2861
1407,계심빈랑,A1237900000000,2861
1408,빈랑자,A1237900000000,2861
1409,대복피,A1237900000000,2861
1410,빈랑,A1237900000000,2861
1411,련피,A1238000000000,2862
1412,련근목피,A1238000000000,2862
1413,멀구슬나무,A1238000000000,2862
1414,구주목,A1238000000000,2862
1415,멀구슬,A1238000000000,2862
1416,천련자,A1238000000000,2862
1417,골쇄보,A1238100000000,2863
1418,동화,A1238200000000,2864
1419,희초미,A1238300000000,2865
1420,면마,A1238300000000,2865
1421,패랭이,A1238400000000,2866
1422,석죽화,A1238400000000,2866
1423,산죽,A1238400000000,2866
1424,산죽다,A1238400000000,2866
1425,흑수석죽,A1238400000000,2866
1426,구맥,A1238400000000,2866
1427,구맥자,A1238400000000,2866
1428,권백,A1238500000000,2867
1429,조선골담초,A1238600000000,2868
1430,금작화,A1238600000000,2868
1431,금작근,A1238600000000,2868
1432,동아덩굴,A1238700000000,2869
1433,동과,A1238700000000,2869
1434,동과자,A1238700000000,2869
1435,동과씨,A1238700000000,2869
1436,백과자,A1238700000000,2869
1437,동과인,A1238700000000,2869
1438,동과피,A1238700000000,2869
1439,윈터메론,A1238700000000,2869
1440,동과등,A1238700000000,2869
1441,동과엽,A1238700000000,2869
1442,동과피,A1238700000000,2869
1443,방울풀,A1238800000000,2870
1444,쥐방울,A1238800000000,2870
1445,쥐방울도령,A1238800000000,2870
1446,북마두령,A1238800000000,2870
1447,두령,A1238800000000,2870
1448,마도령,A1238800000000,2870
1449,목마향과,A1238800000000,2870
1450,청목향,A1238800000000,2870
1451,마두령,A1238800000000,2870
1452,천선동,A1238800000000,2870
1453,말초리풀,A1238900000000,2871
1454,버베인,A1238900000000,2871
1455,봉경초,A1238900000000,2871
1456,자정용아,A1238900000000,2871
1457,철마편,A1238900000000,2871
1458,초마황,A1239000000000,2872
1459,마황근,A1239000000000,2872
1460,단엽만형,A1239100000000,2873
1461,만형자나무,A1239100000000,2873
1462,풍나무,A1239100000000,2873
1463,만형자,A1239100000000,2873
1464,으름,A1239200000000,2874
1465,목통,A1239200000000,2874
1466,유름,A1239200000000,2874
1467,통초,A1239200000000,2874
1468,백목통,A1239200000000,2874
1469,정옹,A1239200000000,2874
1470,만년등,A1239200000000,2874
1471,청둥,A1239400000000,2876
1472,청등,A1239400000000,2876
1473,주란,A1239600000000,2878
1474,대암풀,A1239600000000,2878
1475,백약,A1239600000000,2878
1476,백급,A1239600000000,2878
1477,자혜근,A1239600000000,2878
1478,군구자,A1239600000000,2878
1479,족속교,A1239600000000,2878
1480,백근,A1239600000000,2878
1481,연급초,A1239600000000,2878
1482,감근,A1239600000000,2878
1483,두구,A1239700000000,2879
1484,다골,A1239700000000,2879
1485,백구,A1239700000000,2879
1486,백렴,A1239800000000,2880
1487,염초,A1239800000000,2880
1488,백초,A1239800000000,2880
1489,백부근,A1239900000000,2881
1490,백선피,A1240000000000,2882
1491,백양선,A1240000000000,2882
1492,목근,A1240200000000,2884
1493,사철푸른 떨기나무,A1240200000000,2884
1494,목근피,A1240200000000,2884
1495,목근화,A1240200000000,2884
1496,목근근,A1240200000000,2884
1497,목근자,A1240200000000,2884
1498,부용화,A1240300000000,2885
1499,목부용화,A1240300000000,2885
1500,부평,A1240400000000,2886
1501,오두,A1240400000000,2886
1502,개구리밥,A1240400000000,2886
1503,수평,A1240400000000,2886
1504,수화,A1240400000000,2886
1505,수소,A1240400000000,2886
1506,소평자,A1240400000000,2886
1507,수선,A1240400000000,2886
1508,천군자,A1240500000000,2887
1509,사군육,A1240500000000,2887
1510,시군자인,A1240500000000,2887
1511,금등,A1240600000000,2888
1512,주고,A1240600000000,2888
1513,귀등경,A1240600000000,2888
1514,모고,A1240600000000,2888
1515,등용초,A1240700000000,2889
1516,홍고랑,A1240700000000,2889
1517,산장,A1240700000000,2889
1518,꼬리겨우살이,A1240900000000,2891
1519,뽕나무겨우살이,A1240900000000,2891
1520,당륙,A1241000000000,2892
1521,다미,A1241000000000,2892
1522,장류,A1241000000000,2892
1523,자리갱이,A1241000000000,2892
1524,장녹,A1241000000000,2892
1525,야호,A1241000000000,2892
1526,장류근,A1241000000000,2892
1527,견종소,A1241000000000,2892
1528,상륙,A1241000000000,2892
1529,석류목,A1241200000000,2894
1530,석류수,A1241200000000,2894
1531,안석류,A1241200000000,2894
1532,해류,A1241200000000,2894
1533,석류근피,A1241200000000,2894
1534,석류피,A1241200000000,2894
1535,석류자,A1241200000000,2894
1536,석류화,A1241200000000,2894
1537,세뿔석위,A1241300000000,2895
1538,애기석위,A1241300000000,2895
1539,일엽초,A1241300000000,2895
1540,파라문삼,A1241400000000,2896
1541,소합유,A1241500000000,2897
1542,소방목,A1241600000000,2898
1543,적목,A1241600000000,2898
1544,홍자,A1241600000000,2898
1545,거동,A1241700000000,2899
1546,반지연,A1241700000000,2899
1547,천금자,A1241700000000,2899
1548,지모구,A1241800000000,2900
1549,불노약,A1241800000000,2900
1550,시전,A1241900000000,2901
1551,시정,A1241900000000,2901
1552,동방숙,A1242000000000,2902
1553,연층륙,A1242000000000,2902
1554,귀목,A1242000000000,2902
1555,패모채근,A1242000000000,2902
1556,토대황,A1242000000000,2902
1557,우설대황,A1242000000000,2902
1558,참소루쟁이,A1242000000000,2902
1559,양재엽,A1242000000000,2902
1560,양제근,A1242000000000,2902
1561,제주광나무,A1242100000000,2903
1562,여정실,A1242100000000,2903
1563,여정자,A1242100000000,2903
1564,청동,A1242200000000,2904
1565,오동자,A1242200000000,2904
1566,설악눈주목,A1242400000000,2906
1567,자삼,A1242400000000,2906
1568,범의부채,A1242500000000,2907
1569,사간,A1242500000000,2907
1570,관화육종용,A1242600000000,2908
1571,오리나무더부살이,A1242600000000,2908
1572,고깔제비꽃,A1242700000000,2909
1573,제비꽃,A1242700000000,2909
1574,종지나물,A1242700000000,2909
1575,저상,A1242900000000,2911
1576,딱나무,A1242900000000,2911
1577,꾸지닥나무,A1242900000000,2911
1578,저목,A1242900000000,2911
1579,구피마,A1242900000000,2911
1580,곡실,A1242900000000,2911
1581,곡자,A1242900000000,2911
1582,저실자,A1242900000000,2911
1583,조협,A1243000000000,2912
1584,조각자,A1243000000000,2912
1585,조등,A1243100000000,2913
1586,조등구,A1243100000000,2913
1587,삿갓풀,A1243200000000,2914
1588,자주삿갓풀,A1243200000000,2914
1589,조휴,A1243200000000,2914
1590,지규,A1243300000000,2915
1591,지부자,A1243300000000,2915
1592,진교,A1243400000000,2916
1593,도꼬마리,A1243500000000,2917
1594,큰도꼬마리,A1243500000000,2917
1595,쥐방울덩굴뿌리,A1243700000000,2919
1596,운남근,A1243700000000,2919
1597,삼고향,A1243700000000,2919
1598,청등향,A1243700000000,2919
1599,들맨드라미,A1243800000000,2920
1600,청상자,A1243800000000,2920
1601,계관화,A1243800000000,2920
1602,초결명,A1243800000000,2920
1603,초고,A1243800000000,2920
1604,누고,A1243800000000,2920
1605,섬고로쇠,A1243900000000,2921
1606,지금축,A1243900000000,2921
1607,과목인,A1244000000000,2922
1608,가는줄돌쩌귀,A1244200000000,2924
1609,그늘돌쩌귀,A1244200000000,2924
1610,놋젓가락나물,A1244200000000,2924
1611,세잎돌쩌귀,A1244200000000,2924
1612,이삭바꽃,A1244200000000,2924
1613,지리바꽃,A1244200000000,2924
1614,투구꽃,A1244200000000,2924
1615,촉규화,A1244300000000,2925
1616,덕두화,A1244300000000,2925
1617,접중화,A1244300000000,2925
1618,촉규,A1244300000000,2925
1619,촉계화,A1244300000000,2925
1620,단오금,A1244300000000,2925
1621,촉류근,A1244300000000,2925
1622,쉬나무,A1244400000000,2926
1623,쇠동백나무,A1244400000000,2926
1624,소동나무,A1244400000000,2926
1625,수유나무,A1244400000000,2926
1626,오수유나무,A1244400000000,2926
1627,당수유,A1244400000000,2926
1628,약수유나무,A1244400000000,2926
1629,호련,A1244500000000,2927
1630,할고로택,A1244500000000,2927
1631,해금사,A1244600000000,2928
1632,해금사초,A1244600000000,2928
1633,해금사근,A1244600000000,2928
1634,자괴나무,A1244700000000,2929
1635,짜굿대,A1244700000000,2929
1636,자구낭,A1244700000000,2929
1637,소쌀나무,A1244700000000,2929
1638,야합수,A1244700000000,2929
1639,계수나무,A1244700000000,2929
1640,합장수,A1244700000000,2929
1641,합혼수,A1244700000000,2929
1642,자귀대,A1244700000000,2929
1643,합환,A1244700000000,2929
1644,융화수,A1244700000000,2929
1645,융선화,A1244700000000,2929
1646,유정수,A1244700000000,2929
1647,수궁괴,A1244700000000,2929
1648,청당,A1244700000000,2929
1649,합환피,A1244700000000,2929
1650,북학슬,A1244800000000,2930
1651,학슬,A1244800000000,2930
1652,뚝갈,A1244900000000,2931
1653,뚜깔,A1244900000000,2931
1654,뚜갈,A1244900000000,2931
1655,석남엽,A1244900000000,2931
1656,연지만,A1244900000000,2931
1657,인지마,A1244900000000,2931
1658,석남,A1244900000000,2931
1659,백화패장,A1244900000000,2931
1660,마타리,A1244900000000,2931
1661,가암취,A1244900000000,2931
1662,골등골나물,A1245000000000,2932
1663,등골나무,A1245000000000,2932
1664,향등골나무,A1245000000000,2932
1665,파두상,A1245100000000,2933
1666,파근육,A1245200000000,2934
1667,백창,A1245300000000,2935
1668,향포,A1245300000000,2935
1669,왕창포,A1245300000000,2935
1670,수창포,A1245300000000,2935
1671,삼삼칠나무,A1245400000000,2936
1672,금궁화,A1245600000000,2938
1673,금잔은대,A1245600000000,2938
1674,내미,A1245600000000,2938
1675,왕부류,A1245600000000,2938
1676,맥람자,A1245600000000,2938
1677,전금화,A1245600000000,2938
1678,자미,A1245700000000,2939
1679,백일홍,A1245700000000,2939
1680,자미목,A1245700000000,2939
1681,자형화,A1245700000000,2939
1682,만당홍,A1245700000000,2939
1683,해당수,A1245700000000,2939
1684,양양수,A1245700000000,2939
1685,양양화,A1245700000000,2939
1686,목백일홍,A1245700000000,2939
1687,자미화,A1245700000000,2939
1688,자미근,A1245700000000,2939
1689,요한초,A1246100000000,2943
1690,성요한의 풀,A1246100000000,2943
1691,화분,A1246200000000,2944
1692,Pollen,A1246200000000,2944
1693,옌워,A1246300000000,2945
1694,연와,A1246300000000,2945
1695,잔잎쑥,A1246400000000,2946
1696,개땅쑥,A1246400000000,2946
1697,북한련,A1246500000000,2947
1698,먼나무,A1246800000000,2950
1699,셀러리아크,A1247000000000,2952
1700,뿌리셀러리,A1247000000000,2952
1701,달걀,B01020100FH000,3201
1702,계란,B01020100FH000,3201
1703,이스라엘잉어,B0201090000000,3386
1704,독일잉어,B0201090000000,3386
1705,이스라엘잉어활,B0201090006000,3387
1706,독일잉어활,B0201090006000,3387
1707,이스라엘잉어신선냉장,B0201090007000,3388
1708,독일잉어신선냉장,B0201090007000,3388
1709,이스라엘잉어냉동,B0201090008000,3389
1710,독일잉어냉동,B0201090008000,3389
1711,이스라엘잉어냉동,B0201090036000,3390
1712,독일잉어냉동,B0201090036000,3390
1713,페헤레이,B0201310000000,3497
1714,페헤레이활,B0201310006000,3498
1715,페헤레이신선냉장,B0201310007000,3499
1716,페헤레이냉동,B0201310008000,3500
1717,페헤레이냉동,B0201310036000,3501
1718,뭉치다래,B0203020900000,3677
1719,뭉치다래활,B0203020906000,3678
1720,뭉치다래신선냉장,B0203020907000,3679
1721,뭉치다래냉동,B0203020908000,3680
1722,뭉치다래냉동,B0203020936000,3681
1723,밀크피쉬,B0203B00000000,4981
1724,Black sea bass활,B0203BG0006000,5076
1725,Black sea bass신선냉장,B0203BG0007000,5077
1726,Black sea bass냉동,B0203BG0008000,5078
1727,Black sea bass냉동,B0203BG0036000,5079
1728,민물가재,B0205040000000,5242
1729,민물가재,Y00000000006EB,5243
1730,민물가재,Y00000000006EC,5244
1731,민물가재,Y00000000006ED,5245
1732,민물가재,Y00000000006EE,5246
1733,남빙양새우,B0205060000000,5256
1734,난바다곤쟁이,B0205060000000,5256
1735,남빙양새우활,B0205060006000,5257
1736,난바다곤쟁이활,B0205060006000,5257
1737,남빙양새우신선냉장,B0205060007000,5258
1738,난바다곤쟁이신선냉장,B0205060007000,5258
1739,남빙양새우냉동,B0205060008000,5259
1740,난바다곤쟁이냉동,B0205060008000,5259
1741,남빙양새우냉동,B0205060036000,5260
1742,난바다곤쟁이냉동,B0205060036000,5260
1743,고막,B0206010300000,5286
1744,고막,Y00000000006F7,5287
1745,고막,Y00000000006F8,5288
1746,고막활,B0206010306000,5289
1747,고막신선냉장,B0206010307000,5290
1748,고막냉동,B0206010308000,5291
1749,고막냉동,B0206010336000,5292
1750,쭈꾸미,B0206020600000,5556
1751,쭈꾸미활,B0206020606000,5557
1752,쭈꾸미신선냉장,B0206020607000,5558
1753,쭈꾸미냉동,B0206020608000,5559
1754,쭈꾸미냉동,B0206020636000,5560
1755,우렁쉥이,B0208010000000,5619
1756,우렁쉥이활,B0208010006000,5620
1757,우렁쉥이신선냉장,B0208010007000,5621
1758,우렁쉥이냉동,B0208010008000,5622
1759,우렁쉥이냉동,B0208010036000,5623
1760,오만둥이,B0208030000000,5634
1761,오만둥이활,B0208030006000,5635
1762,오만둥이신선냉장,B0208030007000,5636
1763,오만둥이냉동,B0208030008000,5637
1764,오만둥이냉동,B0208030036000,5638
1765,쨈,C0104010000000,5707
1766,사과쨈,C0104010001813,5709
1767,포도쨈,C0104010002813,5710
1768,딸기잼,C0104010003813,5711
1769,홍화씨분말,C0114070000813,5777
1770,5'-구아닐산나트륨,D0101400000000,6198
1771,구연산 결정물(일수염),D0101500009000,6201
1772,구연산나트륨,D0101600000000,6202
1773,구연산삼나트륨 결정물(2수염,D0101600012000,6204
1774,5수염),D0101600012000,6204
1775,구연산삼나트륨 결정물(2수염,D0101600015000,6205
1776,5수염),D0101600015000,6205
1777,나이아신,D0103400000000,6232
1778,나이아신아미드,D0103500000000,6233
1779,dl-박하뇌,D0105800000000,6256
1780,이산화황,D0106200000000,6260
1781,치아민나프탈린-1,D0107000000000,6268
1782,5-디설폰산염,D0107000000000,6268
1783,치아민라우릴황산염,D0107100000000,6269
1784,치아민티오시안산염,D0107200000000,6270
1785,치아민질산염,D0107400000000,6272
1786,리보플라빈 5'-인산에스테르나트륨,D0107600000000,6274
1787,dl-사과산,D0108400000000,6282
1788,dl-사과산나트륨,D0108500000000,6283
1789,용성 삭카린,D0108600000000,6286
1790,아황산수소나트륨,D0108700000000,6287
1791,가성소오다액,D0109800000000,6298
1792,수산화나트륨(1수염),D0109800009000,6300
1793,α-아밀신나믹알데히드,D0113100000000,6333
1794,아황산소오다,D0114200000000,6344
1795,아황산나트륨 결정물(7수염),D0114200009000,6346
1796,비타민A유,D0116700000000,6381
1797,5'-이노신산나트륨,D0116900000000,6383
1798,인산삼나트륨,D0119300000000,6416
1799,인산삼칼륨,D0119400000000,6419
1800,인산삼칼슘,D0119500000000,6420
1801,인산이나트륨 / 인산수소이나트륨,D0119600000000,6421
1802,제이인산나트륨 결정물(2~12수염),D0119600009000,6423
1803,인산이암모늄,D0119700000000,6424
1804,인산이칼륨,D0119800000000,6425
1805,인산수소칼슘,D0119900000000,6426
1806,인산일나트륨,D0120000000000,6427
1807,제일인산나트륨 결정물,D0120000010000,6429
1808,제일인산나트륨 결정물,D0120000012000,6430
1809,산성인산암모늄,D0120100000000,6431
1810,산성인산칼륨,D0120200000000,6432
1811,산성인산칼슘,D0120300000000,6433
1812,제일인산칼슘(1수염),D0120300009000,6435
1813,dl-주석산,D0120400000000,6436
1814,d-주석산,D0120500000000,6437
1815,dl-주석산나트륨,D0120600000000,6438
1816,d-주석산나트륨,D0120700000000,6439
1817,dl-주석산수소칼륨 / DL-중주석산칼륨,D0120800000000,6440
1818,d-주석산수소칼륨 / L-중주석산칼륨,D0120900000000,6441
1819,차아염소산소오다,D0121200000000,6444
1820,초산나트륨 결정물(3수염),D0121700009000,6451
1821,섬유소글리콜산나트륨,D0122900000000,6463
1822,섬유소글리콜산칼슘,D0123000000000,6464
1823,소오다회,D0123500005000,6470
1824,탄산소오다 / 탄산나트륨 결정물(1수염),D0123500010000,6471
1825,탄산소오다 / 탄산나트륨 결정물(10수염),D0123500035000,6472
1826,중탄산나트륨,D0123700000000,6474
1827,중탄산암모늄,D0123800000000,6475
1828,폴리이소부텐,D0126400000000,6502
1829,피로인산사나트륨,D0127700000000,6515
1830,피로인산나트륨 결정물(10수염),D0127700009000,6517
1831,황산나트륨 결정물(10수염),D0128500009000,6527
1832,황산마그네슘 건조물(3수염),D0128700004000,6530
1833,황산마그네슘 결정물(7수염),D0128700009000,6531
1834,소암모늄명반,D0128900004000,6534
1835,암모늄명반 / 황산알루미늄암모늄 결정물(12수염),D0128900009000,6535
1836,소명반,D0129000004000,6537
1837,명반 / 황산알루미늄칼륨 결정물(12수염),D0129000009000,6538
1838,황산제일철 건조물(1~1.5수염),D0129200004000,6541
1839,황산제일철 결정물(7수염),D0129200009000,6542
1840,젖산나트륨액,D0130600000000,6556
1841,글루콘산액,D0130900000000,6559
1842,글리세로인산칼륨 결정물(3수염),D0131700013000,6570
1843,글리세로인산칼륨용액(50～75% 농도),D0131700001000,6571
1844,제삼인산마그네슘 무수물,D0133700005000,6594
1845,제삼인산마그네슘(결정-4수염),D0133700014000,6595
1846,제삼인산마그네슘(결정-5수염,D0133700015000,6596
1847,제삼인산마그네슘(결정-8수염),D0133700016000,6597
1848,5'-시티딜산나트륨,D0135000000000,6610
1849,5'-우리딜산나트륨,D0135100000000,6611
1850,젖산칼륨액,D0136100000000,6621
1851,메타규산나트륨(무수),D0138400005000,6647
1852,메타규산나트륨(함수-5수염),D0138400015000,6648
1853,글루콘산마그네슘 무수물,D0138700005000,6652
1854,글루콘산마그네슘 2수물,D0138700031000,6653
1855,글루콘산마그네슘 무수물과 2수물 혼합물,D0138700032000,6654
1856,Ammonium Salts of Phosphatidic Acid,D0140600000000,6676
1857,PEG,D0140700000000,6677
1858,감초조제물,D0200300023000,6684
1859,감초정제물,D0200300024000,6685
1860,건조품,D0200800004000,6695
1861,소성품,D0200800033000,6696
1862,융제소성품,D0200800034000,6697
1863,아밀로글루코시다아제,D0201000000000,6699
1864,β-갈락토시다아제,D0201500000000,6704
1865,분말섬유소,D0202700000000,6718
1866,스피룰리나청색소,D0203600000000,6729
1867,울금색소,D0203800000000,6737
1868,조제종국,D0205000023000,6752
1869,분말종국,D0205000002000,6753
1870,생효모,D0209200030000,6807
1871,액상효모,D0209200001000,6808
1872,건조효모(활성),D0209200025000,6809
1873,건조효모(비활성),D0209200026000,6810
1874,참깨유추출물,D0215300000000,7184
1875,G3생성효소,D0218100000000,7212
1876,고형면류첨가알칼리제,D0300300003000,7235
1877,액상면류첨가알칼리제,D0300300001000,7236
1878,희석분말면류첨가알칼리제,D0300300027000,7237
1879,polyoxymethylene,F0100001000000,7551
1880,칼리플라워,Z0201100000000,7755
1881,컬리플라워,Z0201100000000,7755
1882,모려,Z3203700000000,8971
1883,아교,Z3204600000000,8980
