recipe_utensil_id,recipe_id,utensil_id
1,28,12
2,28,13
3,28,14
4,28,15
5,29,12
6,29,13
7,29,14
8,29,15
9,89,12
10,89,13
11,89,14
12,89,15
13,114,12
14,114,13
15,114,14
16,114,15
17,636,12
18,636,13
19,636,14
20,636,15
21,643,12
22,643,13
23,643,14
24,643,15
25,513,12
26,513,13
27,513,14
28,513,15
29,664,12
30,664,13
31,664,14
32,664,15
33,671,12
34,671,13
35,671,14
36,671,15
37,414,12
38,414,13
39,414,14
40,414,15
41,420,12
42,420,13
43,420,14
44,420,15
45,421,12
46,421,13
47,421,14
48,421,15
49,532,12
50,532,13
51,532,14
52,532,15
53,536,12
54,536,13
55,536,14
56,536,15
57,583,12
58,583,13
59,583,14
60,583,15
61,338,12
62,338,13
63,338,14
64,338,15
65,446,12
66,446,13
67,446,14
68,446,15
69,245,12
70,245,13
71,245,14
72,245,15
73,246,12
74,246,13
75,246,14
76,246,15
77,247,12
78,247,13
79,247,14
80,247,15
81,248,12
82,248,13
83,248,14
84,248,15
85,249,12
86,249,13
87,249,14
88,249,15
89,366,12
90,366,13
91,366,14
92,366,15
93,478,12
94,478,13
95,478,14
96,478,15
97,615,12
98,615,13
99,615,14
100,615,15
101,616,12
102,616,13
103,616,14
104,616,15
105,321,12
106,321,13
107,321,14
108,321,15
109,241,12
110,241,13
111,241,14
112,241,15
113,242,12
114,242,13
115,242,14
116,242,15
117,243,12
118,243,13
119,243,14
120,243,15
121,244,12
122,244,13
123,244,14
124,244,15
125,497,12
126,497,13
127,497,14
128,497,15
129,646,12
130,646,13
131,646,14
132,646,15
133,648,12
134,648,13
135,648,14
136,648,15
137,649,12
138,649,13
139,649,14
140,649,15
141,738,12
142,738,13
143,738,14
144,738,15
145,521,12
146,521,13
147,521,14
148,521,15
149,522,12
150,522,13
151,522,14
152,522,15
153,526,12
154,526,13
155,526,14
156,526,15
157,679,12
158,679,13
159,679,14
160,679,15
161,544,12
162,544,13
163,544,14
164,544,15
165,692,12
166,692,13
167,692,14
168,692,15
169,703,12
170,703,13
171,703,14
172,703,15
173,706,12
174,706,13
175,706,14
176,706,15
177,622,12
178,622,13
179,622,14
180,622,15
181,632,12
182,632,13
183,632,14
184,632,15
185,633,12
186,633,13
187,633,14
188,633,15
189,721,12
190,721,13
191,721,14
192,721,15
193,722,12
194,722,13
195,722,14
196,722,15
197,2963,12
198,2963,13
199,2963,14
200,2963,15
201,3243,12
202,3243,13
203,3243,14
204,3243,15
205,3262,12
206,3262,13
207,3262,14
208,3262,15
209,3244,12
210,3244,13
211,3244,14
212,3244,15
213,3206,12
214,3206,13
215,3206,14
216,3206,15
217,2973,12
218,2973,13
219,2973,14
220,2973,15
221,3269,12
222,3269,13
223,3269,14
224,3269,15
225,857,12
226,857,13
227,857,14
228,857,15
229,3213,12
230,3213,13
231,3213,14
232,3213,15
233,3273,12
234,3273,13
235,3273,14
236,3273,15
237,876,12
238,876,13
239,876,14
240,876,15
241,3272,12
242,3272,13
243,3272,14
244,3272,15
245,3078,12
246,3078,13
247,3078,14
248,3078,15
249,917,12
250,917,13
251,917,14
252,917,15
253,3275,12
254,3275,13
255,3275,14
256,3275,15
257,928,12
258,928,13
259,928,14
260,928,15
261,943,12
262,943,13
263,943,14
264,943,15
265,944,12
266,944,13
267,944,14
268,944,15
269,945,12
270,945,13
271,945,14
272,945,15
273,3077,12
274,3077,13
275,3077,14
276,3077,15
277,956,12
278,956,13
279,956,14
280,956,15
281,959,12
282,959,13
283,959,14
284,959,15
285,970,12
286,970,13
287,970,14
288,970,15
289,752,12
290,752,13
291,752,14
292,752,15
293,1019,12
294,1019,13
295,1019,14
296,1019,15
297,771,12
298,771,13
299,771,14
300,771,15
301,1067,12
302,1067,13
303,1067,14
304,1067,15
305,795,12
306,795,13
307,795,14
308,795,15
309,812,12
310,812,13
311,812,14
312,812,15
313,1122,12
314,1122,13
315,1122,14
316,1122,15
317,1123,12
318,1123,13
319,1123,14
320,1123,15
321,3094,12
322,3094,13
323,3094,14
324,3094,15
325,31,20
326,31,21
327,31,22
328,31,23
329,31,24
330,31,25
331,31,26
332,31,27
333,31,28
334,31,29
335,31,30
336,32,20
337,32,21
338,32,22
339,32,23
340,32,24
341,32,25
342,32,26
343,32,27
344,32,28
345,32,29
346,32,30
347,95,20
348,95,21
349,95,22
350,95,23
351,95,24
352,95,25
353,95,26
354,95,27
355,95,28
356,95,29
357,95,30
358,87,20
359,87,21
360,87,22
361,87,23
362,87,24
363,87,25
364,87,26
365,87,27
366,87,28
367,87,29
368,87,30
369,94,20
370,94,21
371,94,22
372,94,23
373,94,24
374,94,25
375,94,26
376,94,27
377,94,28
378,94,29
379,94,30
380,108,20
381,108,21
382,108,22
383,108,23
384,108,24
385,108,25
386,108,26
387,108,27
388,108,28
389,108,29
390,108,30
391,74,20
392,74,21
393,74,22
394,74,23
395,74,24
396,74,25
397,74,26
398,74,27
399,74,28
400,74,29
401,74,30
402,159,20
403,159,21
404,159,22
405,159,23
406,159,24
407,159,25
408,159,26
409,159,27
410,159,28
411,159,29
412,159,30
413,162,20
414,162,21
415,162,22
416,162,23
417,162,24
418,162,25
419,162,26
420,162,27
421,162,28
422,162,29
423,162,30
424,201,20
425,201,21
426,201,22
427,201,23
428,201,24
429,201,25
430,201,26
431,201,27
432,201,28
433,201,29
434,201,30
435,386,20
436,386,21
437,386,22
438,386,23
439,386,24
440,386,25
441,386,26
442,386,27
443,386,28
444,386,29
445,386,30
446,399,20
447,399,21
448,399,22
449,399,23
450,399,24
451,399,25
452,399,26
453,399,27
454,399,28
455,399,29
456,399,30
457,669,20
458,669,21
459,669,22
460,669,23
461,669,24
462,669,25
463,669,26
464,669,27
465,669,28
466,669,29
467,669,30
468,415,20
469,415,21
470,415,22
471,415,23
472,415,24
473,415,25
474,415,26
475,415,27
476,415,28
477,415,29
478,415,30
479,419,20
480,419,21
481,419,22
482,419,23
483,419,24
484,419,25
485,419,26
486,419,27
487,419,28
488,419,29
489,419,30
490,422,20
491,422,21
492,422,22
493,422,23
494,422,24
495,422,25
496,422,26
497,422,27
498,422,28
499,422,29
500,422,30
501,424,20
502,424,21
503,424,22
504,424,23
505,424,24
506,424,25
507,424,26
508,424,27
509,424,28
510,424,29
511,424,30
512,425,20
513,425,21
514,425,22
515,425,23
516,425,24
517,425,25
518,425,26
519,425,27
520,425,28
521,425,29
522,425,30
523,426,20
524,426,21
525,426,22
526,426,23
527,426,24
528,426,25
529,426,26
530,426,27
531,426,28
532,426,29
533,426,30
534,530,20
535,530,21
536,530,22
537,530,23
538,530,24
539,530,25
540,530,26
541,530,27
542,530,28
543,530,29
544,530,30
545,573,20
546,573,21
547,573,22
548,573,23
549,573,24
550,573,25
551,573,26
552,573,27
553,573,28
554,573,29
555,573,30
556,577,20
557,577,21
558,577,22
559,577,23
560,577,24
561,577,25
562,577,26
563,577,27
564,577,28
565,577,29
566,577,30
567,580,20
568,580,21
569,580,22
570,580,23
571,580,24
572,580,25
573,580,26
574,580,27
575,580,28
576,580,29
577,580,30
578,584,20
579,584,21
580,584,22
581,584,23
582,584,24
583,584,25
584,584,26
585,584,27
586,584,28
587,584,29
588,584,30
589,587,20
590,587,21
591,587,22
592,587,23
593,587,24
594,587,25
595,587,26
596,587,27
597,587,28
598,587,29
599,587,30
600,441,20
601,441,21
602,441,22
603,441,23
604,441,24
605,441,25
606,441,26
607,441,27
608,441,28
609,441,29
610,441,30
611,360,20
612,360,21
613,360,22
614,360,23
615,360,24
616,360,25
617,360,26
618,360,27
619,360,28
620,360,29
621,360,30
622,364,20
623,364,21
624,364,22
625,364,23
626,364,24
627,364,25
628,364,26
629,364,27
630,364,28
631,364,29
632,364,30
633,369,20
634,369,21
635,369,22
636,369,23
637,369,24
638,369,25
639,369,26
640,369,27
641,369,28
642,369,29
643,369,30
644,470,20
645,470,21
646,470,22
647,470,23
648,470,24
649,470,25
650,470,26
651,470,27
652,470,28
653,470,29
654,470,30
655,483,20
656,483,21
657,483,22
658,483,23
659,483,24
660,483,25
661,483,26
662,483,27
663,483,28
664,483,29
665,483,30
666,604,20
667,604,21
668,604,22
669,604,23
670,604,24
671,604,25
672,604,26
673,604,27
674,604,28
675,604,29
676,604,30
677,612,20
678,612,21
679,612,22
680,612,23
681,612,24
682,612,25
683,612,26
684,612,27
685,612,28
686,612,29
687,612,30
688,613,20
689,613,21
690,613,22
691,613,23
692,613,24
693,613,25
694,613,26
695,613,27
696,613,28
697,613,29
698,613,30
699,617,20
700,617,21
701,617,22
702,617,23
703,617,24
704,617,25
705,617,26
706,617,27
707,617,28
708,617,29
709,617,30
710,77,20
711,77,21
712,77,22
713,77,23
714,77,24
715,77,25
716,77,26
717,77,27
718,77,28
719,77,29
720,77,30
721,82,20
722,82,21
723,82,22
724,82,23
725,82,24
726,82,25
727,82,26
728,82,27
729,82,28
730,82,29
731,82,30
732,85,20
733,85,21
734,85,22
735,85,23
736,85,24
737,85,25
738,85,26
739,85,27
740,85,28
741,85,29
742,85,30
743,96,20
744,96,21
745,96,22
746,96,23
747,96,24
748,96,25
749,96,26
750,96,27
751,96,28
752,96,29
753,96,30
754,315,20
755,315,21
756,315,22
757,315,23
758,315,24
759,315,25
760,315,26
761,315,27
762,315,28
763,315,29
764,315,30
765,144,20
766,144,21
767,144,22
768,144,23
769,144,24
770,144,25
771,144,26
772,144,27
773,144,28
774,144,29
775,144,30
776,146,20
777,146,21
778,146,22
779,146,23
780,146,24
781,146,25
782,146,26
783,146,27
784,146,28
785,146,29
786,146,30
787,150,20
788,150,21
789,150,22
790,150,23
791,150,24
792,150,25
793,150,26
794,150,27
795,150,28
796,150,29
797,150,30
798,345,20
799,345,21
800,345,22
801,345,23
802,345,24
803,345,25
804,345,26
805,345,27
806,345,28
807,345,29
808,345,30
809,346,20
810,346,21
811,346,22
812,346,23
813,346,24
814,346,25
815,346,26
816,346,27
817,346,28
818,346,29
819,346,30
820,495,20
821,495,21
822,495,22
823,495,23
824,495,24
825,495,25
826,495,26
827,495,27
828,495,28
829,495,29
830,495,30
831,650,20
832,650,21
833,650,22
834,650,23
835,650,24
836,650,25
837,650,26
838,650,27
839,650,28
840,650,29
841,650,30
842,654,20
843,654,21
844,654,22
845,654,23
846,654,24
847,654,25
848,654,26
849,654,27
850,654,28
851,654,29
852,654,30
853,659,20
854,659,21
855,659,22
856,659,23
857,659,24
858,659,25
859,659,26
860,659,27
861,659,28
862,659,29
863,659,30
864,727,20
865,727,21
866,727,22
867,727,23
868,727,24
869,727,25
870,727,26
871,727,27
872,727,28
873,727,29
874,727,30
875,728,20
876,728,21
877,728,22
878,728,23
879,728,24
880,728,25
881,728,26
882,728,27
883,728,28
884,728,29
885,728,30
886,729,20
887,729,21
888,729,22
889,729,23
890,729,24
891,729,25
892,729,26
893,729,27
894,729,28
895,729,29
896,729,30
897,731,20
898,731,21
899,731,22
900,731,23
901,731,24
902,731,25
903,731,26
904,731,27
905,731,28
906,731,29
907,731,30
908,400,20
909,400,21
910,400,22
911,400,23
912,400,24
913,400,25
914,400,26
915,400,27
916,400,28
917,400,29
918,400,30
919,401,20
920,401,21
921,401,22
922,401,23
923,401,24
924,401,25
925,401,26
926,401,27
927,401,28
928,401,29
929,401,30
930,403,20
931,403,21
932,403,22
933,403,23
934,403,24
935,403,25
936,403,26
937,403,27
938,403,28
939,403,29
940,403,30
941,404,20
942,404,21
943,404,22
944,404,23
945,404,24
946,404,25
947,404,26
948,404,27
949,404,28
950,404,29
951,404,30
952,407,20
953,407,21
954,407,22
955,407,23
956,407,24
957,407,25
958,407,26
959,407,27
960,407,28
961,407,29
962,407,30
963,409,20
964,409,21
965,409,22
966,409,23
967,409,24
968,409,25
969,409,26
970,409,27
971,409,28
972,409,29
973,409,30
974,412,20
975,412,21
976,412,22
977,412,23
978,412,24
979,412,25
980,412,26
981,412,27
982,412,28
983,412,29
984,412,30
985,413,20
986,413,21
987,413,22
988,413,23
989,413,24
990,413,25
991,413,26
992,413,27
993,413,28
994,413,29
995,413,30
996,527,20
997,527,21
998,527,22
999,527,23
1000,527,24
1001,527,25
1002,527,26
1003,527,27
1004,527,28
1005,527,29
1006,527,30
1007,529,20
1008,529,21
1009,529,22
1010,529,23
1011,529,24
1012,529,25
1013,529,26
1014,529,27
1015,529,28
1016,529,29
1017,529,30
1018,554,20
1019,554,21
1020,554,22
1021,554,23
1022,554,24
1023,554,25
1024,554,26
1025,554,27
1026,554,28
1027,554,29
1028,554,30
1029,555,20
1030,555,21
1031,555,22
1032,555,23
1033,555,24
1034,555,25
1035,555,26
1036,555,27
1037,555,28
1038,555,29
1039,555,30
1040,558,20
1041,558,21
1042,558,22
1043,558,23
1044,558,24
1045,558,25
1046,558,26
1047,558,27
1048,558,28
1049,558,29
1050,558,30
1051,569,20
1052,569,21
1053,569,22
1054,569,23
1055,569,24
1056,569,25
1057,569,26
1058,569,27
1059,569,28
1060,569,29
1061,569,30
1062,570,20
1063,570,21
1064,570,22
1065,570,23
1066,570,24
1067,570,25
1068,570,26
1069,570,27
1070,570,28
1071,570,29
1072,570,30
1073,682,20
1074,682,21
1075,682,22
1076,682,23
1077,682,24
1078,682,25
1079,682,26
1080,682,27
1081,682,28
1082,682,29
1083,682,30
1084,684,20
1085,684,21
1086,684,22
1087,684,23
1088,684,24
1089,684,25
1090,684,26
1091,684,27
1092,684,28
1093,684,29
1094,684,30
1095,686,20
1096,686,21
1097,686,22
1098,686,23
1099,686,24
1100,686,25
1101,686,26
1102,686,27
1103,686,28
1104,686,29
1105,686,30
1106,688,20
1107,688,21
1108,688,22
1109,688,23
1110,688,24
1111,688,25
1112,688,26
1113,688,27
1114,688,28
1115,688,29
1116,688,30
1117,690,20
1118,690,21
1119,690,22
1120,690,23
1121,690,24
1122,690,25
1123,690,26
1124,690,27
1125,690,28
1126,690,29
1127,690,30
1128,433,20
1129,433,21
1130,433,22
1131,433,23
1132,433,24
1133,433,25
1134,433,26
1135,433,27
1136,433,28
1137,433,29
1138,433,30
1139,553,20
1140,553,21
1141,553,22
1142,553,23
1143,553,24
1144,553,25
1145,553,26
1146,553,27
1147,553,28
1148,553,29
1149,553,30
1150,590,20
1151,590,21
1152,590,22
1153,590,23
1154,590,24
1155,590,25
1156,590,26
1157,590,27
1158,590,28
1159,590,29
1160,590,30
1161,592,20
1162,592,21
1163,592,22
1164,592,23
1165,592,24
1166,592,25
1167,592,26
1168,592,27
1169,592,28
1170,592,29
1171,592,30
1172,699,20
1173,699,21
1174,699,22
1175,699,23
1176,699,24
1177,699,25
1178,699,26
1179,699,27
1180,699,28
1181,699,29
1182,699,30
1183,705,20
1184,705,21
1185,705,22
1186,705,23
1187,705,24
1188,705,25
1189,705,26
1190,705,27
1191,705,28
1192,705,29
1193,705,30
1194,626,20
1195,626,21
1196,626,22
1197,626,23
1198,626,24
1199,626,25
1200,626,26
1201,626,27
1202,626,28
1203,626,29
1204,626,30
1205,634,20
1206,634,21
1207,634,22
1208,634,23
1209,634,24
1210,634,25
1211,634,26
1212,634,27
1213,634,28
1214,634,29
1215,634,30
1216,717,20
1217,717,21
1218,717,22
1219,717,23
1220,717,24
1221,717,25
1222,717,26
1223,717,27
1224,717,28
1225,717,29
1226,717,30
1227,720,20
1228,720,21
1229,720,22
1230,720,23
1231,720,24
1232,720,25
1233,720,26
1234,720,27
1235,720,28
1236,720,29
1237,720,30
1238,723,20
1239,723,21
1240,723,22
1241,723,23
1242,723,24
1243,723,25
1244,723,26
1245,723,27
1246,723,28
1247,723,29
1248,723,30
1249,724,20
1250,724,21
1251,724,22
1252,724,23
1253,724,24
1254,724,25
1255,724,26
1256,724,27
1257,724,28
1258,724,29
1259,724,30
1260,370,20
1261,370,21
1262,370,22
1263,370,23
1264,370,24
1265,370,25
1266,370,26
1267,370,27
1268,370,28
1269,370,29
1270,370,30
1271,377,20
1272,377,21
1273,377,22
1274,377,23
1275,377,24
1276,377,25
1277,377,26
1278,377,27
1279,377,28
1280,377,29
1281,377,30
1282,380,20
1283,380,21
1284,380,22
1285,380,23
1286,380,24
1287,380,25
1288,380,26
1289,380,27
1290,380,28
1291,380,29
1292,380,30
1293,3010,20
1294,3010,21
1295,3010,22
1296,3010,23
1297,3010,24
1298,3010,25
1299,3010,26
1300,3010,27
1301,3010,28
1302,3010,29
1303,3010,30
1304,3098,20
1305,3098,21
1306,3098,22
1307,3098,23
1308,3098,24
1309,3098,25
1310,3098,26
1311,3098,27
1312,3098,28
1313,3098,29
1314,3098,30
1315,3099,20
1316,3099,21
1317,3099,22
1318,3099,23
1319,3099,24
1320,3099,25
1321,3099,26
1322,3099,27
1323,3099,28
1324,3099,29
1325,3099,30
1326,3198,20
1327,3198,21
1328,3198,22
1329,3198,23
1330,3198,24
1331,3198,25
1332,3198,26
1333,3198,27
1334,3198,28
1335,3198,29
1336,3198,30
1337,3014,20
1338,3014,21
1339,3014,22
1340,3014,23
1341,3014,24
1342,3014,25
1343,3014,26
1344,3014,27
1345,3014,28
1346,3014,29
1347,3014,30
1348,3189,20
1349,3189,21
1350,3189,22
1351,3189,23
1352,3189,24
1353,3189,25
1354,3189,26
1355,3189,27
1356,3189,28
1357,3189,29
1358,3189,30
1359,3193,20
1360,3193,21
1361,3193,22
1362,3193,23
1363,3193,24
1364,3193,25
1365,3193,26
1366,3193,27
1367,3193,28
1368,3193,29
1369,3193,30
1370,3199,20
1371,3199,21
1372,3199,22
1373,3199,23
1374,3199,24
1375,3199,25
1376,3199,26
1377,3199,27
1378,3199,28
1379,3199,29
1380,3199,30
1381,3200,20
1382,3200,21
1383,3200,22
1384,3200,23
1385,3200,24
1386,3200,25
1387,3200,26
1388,3200,27
1389,3200,28
1390,3200,29
1391,3200,30
1392,3229,20
1393,3229,21
1394,3229,22
1395,3229,23
1396,3229,24
1397,3229,25
1398,3229,26
1399,3229,27
1400,3229,28
1401,3229,29
1402,3229,30
1403,3237,20
1404,3237,21
1405,3237,22
1406,3237,23
1407,3237,24
1408,3237,25
1409,3237,26
1410,3237,27
1411,3237,28
1412,3237,29
1413,3237,30
1414,3238,20
1415,3238,21
1416,3238,22
1417,3238,23
1418,3238,24
1419,3238,25
1420,3238,26
1421,3238,27
1422,3238,28
1423,3238,29
1424,3238,30
1425,3239,20
1426,3239,21
1427,3239,22
1428,3239,23
1429,3239,24
1430,3239,25
1431,3239,26
1432,3239,27
1433,3239,28
1434,3239,29
1435,3239,30
1436,3296,20
1437,3296,21
1438,3296,22
1439,3296,23
1440,3296,24
1441,3296,25
1442,3296,26
1443,3296,27
1444,3296,28
1445,3296,29
1446,3296,30
1447,3201,20
1448,3201,21
1449,3201,22
1450,3201,23
1451,3201,24
1452,3201,25
1453,3201,26
1454,3201,27
1455,3201,28
1456,3201,29
1457,3201,30
1458,2966,20
1459,2966,21
1460,2966,22
1461,2966,23
1462,2966,24
1463,2966,25
1464,2966,26
1465,2966,27
1466,2966,28
1467,2966,29
1468,2966,30
1469,3015,20
1470,3015,21
1471,3015,22
1472,3015,23
1473,3015,24
1474,3015,25
1475,3015,26
1476,3015,27
1477,3015,28
1478,3015,29
1479,3015,30
1480,3158,20
1481,3158,21
1482,3158,22
1483,3158,23
1484,3158,24
1485,3158,25
1486,3158,26
1487,3158,27
1488,3158,28
1489,3158,29
1490,3158,30
1491,3293,20
1492,3293,21
1493,3293,22
1494,3293,23
1495,3293,24
1496,3293,25
1497,3293,26
1498,3293,27
1499,3293,28
1500,3293,29
1501,3293,30
1502,3299,20
1503,3299,21
1504,3299,22
1505,3299,23
1506,3299,24
1507,3299,25
1508,3299,26
1509,3299,27
1510,3299,28
1511,3299,29
1512,3299,30
1513,3241,20
1514,3241,21
1515,3241,22
1516,3241,23
1517,3241,24
1518,3241,25
1519,3241,26
1520,3241,27
1521,3241,28
1522,3241,29
1523,3241,30
1524,3016,20
1525,3016,21
1526,3016,22
1527,3016,23
1528,3016,24
1529,3016,25
1530,3016,26
1531,3016,27
1532,3016,28
1533,3016,29
1534,3016,30
1535,3017,20
1536,3017,21
1537,3017,22
1538,3017,23
1539,3017,24
1540,3017,25
1541,3017,26
1542,3017,27
1543,3017,28
1544,3017,29
1545,3017,30
1546,3184,20
1547,3184,21
1548,3184,22
1549,3184,23
1550,3184,24
1551,3184,25
1552,3184,26
1553,3184,27
1554,3184,28
1555,3184,29
1556,3184,30
1557,3203,20
1558,3203,21
1559,3203,22
1560,3203,23
1561,3203,24
1562,3203,25
1563,3203,26
1564,3203,27
1565,3203,28
1566,3203,29
1567,3203,30
1568,2968,20
1569,2968,21
1570,2968,22
1571,2968,23
1572,2968,24
1573,2968,25
1574,2968,26
1575,2968,27
1576,2968,28
1577,2968,29
1578,2968,30
1579,3204,20
1580,3204,21
1581,3204,22
1582,3204,23
1583,3204,24
1584,3204,25
1585,3204,26
1586,3204,27
1587,3204,28
1588,3204,29
1589,3204,30
1590,3242,20
1591,3242,21
1592,3242,22
1593,3242,23
1594,3242,24
1595,3242,25
1596,3242,26
1597,3242,27
1598,3242,28
1599,3242,29
1600,3242,30
1601,2971,20
1602,2971,21
1603,2971,22
1604,2971,23
1605,2971,24
1606,2971,25
1607,2971,26
1608,2971,27
1609,2971,28
1610,2971,29
1611,2971,30
1612,3202,20
1613,3202,21
1614,3202,22
1615,3202,23
1616,3202,24
1617,3202,25
1618,3202,26
1619,3202,27
1620,3202,28
1621,3202,29
1622,3202,30
1623,3205,20
1624,3205,21
1625,3205,22
1626,3205,23
1627,3205,24
1628,3205,25
1629,3205,26
1630,3205,27
1631,3205,28
1632,3205,29
1633,3205,30
1634,3282,20
1635,3282,21
1636,3282,22
1637,3282,23
1638,3282,24
1639,3282,25
1640,3282,26
1641,3282,27
1642,3282,28
1643,3282,29
1644,3282,30
1645,3011,20
1646,3011,21
1647,3011,22
1648,3011,23
1649,3011,24
1650,3011,25
1651,3011,26
1652,3011,27
1653,3011,28
1654,3011,29
1655,3011,30
1656,3207,20
1657,3207,21
1658,3207,22
1659,3207,23
1660,3207,24
1661,3207,25
1662,3207,26
1663,3207,27
1664,3207,28
1665,3207,29
1666,3207,30
1667,3247,20
1668,3247,21
1669,3247,22
1670,3247,23
1671,3247,24
1672,3247,25
1673,3247,26
1674,3247,27
1675,3247,28
1676,3247,29
1677,3247,30
1678,2976,20
1679,2976,21
1680,2976,22
1681,2976,23
1682,2976,24
1683,2976,25
1684,2976,26
1685,2976,27
1686,2976,28
1687,2976,29
1688,2976,30
1689,2981,20
1690,2981,21
1691,2981,22
1692,2981,23
1693,2981,24
1694,2981,25
1695,2981,26
1696,2981,27
1697,2981,28
1698,2981,29
1699,2981,30
1700,3164,20
1701,3164,21
1702,3164,22
1703,3164,23
1704,3164,24
1705,3164,25
1706,3164,26
1707,3164,27
1708,3164,28
1709,3164,29
1710,3164,30
1711,2978,20
1712,2978,21
1713,2978,22
1714,2978,23
1715,2978,24
1716,2978,25
1717,2978,26
1718,2978,27
1719,2978,28
1720,2978,29
1721,2978,30
1722,3165,20
1723,3165,21
1724,3165,22
1725,3165,23
1726,3165,24
1727,3165,25
1728,3165,26
1729,3165,27
1730,3165,28
1731,3165,29
1732,3165,30
1733,3080,20
1734,3080,21
1735,3080,22
1736,3080,23
1737,3080,24
1738,3080,25
1739,3080,26
1740,3080,27
1741,3080,28
1742,3080,29
1743,3080,30
1744,3166,20
1745,3166,21
1746,3166,22
1747,3166,23
1748,3166,24
1749,3166,25
1750,3166,26
1751,3166,27
1752,3166,28
1753,3166,29
1754,3166,30
1755,3212,20
1756,3212,21
1757,3212,22
1758,3212,23
1759,3212,24
1760,3212,25
1761,3212,26
1762,3212,27
1763,3212,28
1764,3212,29
1765,3212,30
1766,2980,20
1767,2980,21
1768,2980,22
1769,2980,23
1770,2980,24
1771,2980,25
1772,2980,26
1773,2980,27
1774,2980,28
1775,2980,29
1776,2980,30
1777,3167,20
1778,3167,21
1779,3167,22
1780,3167,23
1781,3167,24
1782,3167,25
1783,3167,26
1784,3167,27
1785,3167,28
1786,3167,29
1787,3167,30
1788,3168,20
1789,3168,21
1790,3168,22
1791,3168,23
1792,3168,24
1793,3168,25
1794,3168,26
1795,3168,27
1796,3168,28
1797,3168,29
1798,3168,30
1799,874,20
1800,874,21
1801,874,22
1802,874,23
1803,874,24
1804,874,25
1805,874,26
1806,874,27
1807,874,28
1808,874,29
1809,874,30
1810,3169,20
1811,3169,21
1812,3169,22
1813,3169,23
1814,3169,24
1815,3169,25
1816,3169,26
1817,3169,27
1818,3169,28
1819,3169,29
1820,3169,30
1821,3216,20
1822,3216,21
1823,3216,22
1824,3216,23
1825,3216,24
1826,3216,25
1827,3216,26
1828,3216,27
1829,3216,28
1830,3216,29
1831,3216,30
1832,3271,20
1833,3271,21
1834,3271,22
1835,3271,23
1836,3271,24
1837,3271,25
1838,3271,26
1839,3271,27
1840,3271,28
1841,3271,29
1842,3271,30
1843,877,20
1844,877,21
1845,877,22
1846,877,23
1847,877,24
1848,877,25
1849,877,26
1850,877,27
1851,877,28
1852,877,29
1853,877,30
1854,888,20
1855,888,21
1856,888,22
1857,888,23
1858,888,24
1859,888,25
1860,888,26
1861,888,27
1862,888,28
1863,888,29
1864,888,30
1865,2984,20
1866,2984,21
1867,2984,22
1868,2984,23
1869,2984,24
1870,2984,25
1871,2984,26
1872,2984,27
1873,2984,28
1874,2984,29
1875,2984,30
1876,3170,20
1877,3170,21
1878,3170,22
1879,3170,23
1880,3170,24
1881,3170,25
1882,3170,26
1883,3170,27
1884,3170,28
1885,3170,29
1886,3170,30
1887,3217,20
1888,3217,21
1889,3217,22
1890,3217,23
1891,3217,24
1892,3217,25
1893,3217,26
1894,3217,27
1895,3217,28
1896,3217,29
1897,3217,30
1898,895,20
1899,895,21
1900,895,22
1901,895,23
1902,895,24
1903,895,25
1904,895,26
1905,895,27
1906,895,28
1907,895,29
1908,895,30
1909,897,20
1910,897,21
1911,897,22
1912,897,23
1913,897,24
1914,897,25
1915,897,26
1916,897,27
1917,897,28
1918,897,29
1919,897,30
1920,900,20
1921,900,21
1922,900,22
1923,900,23
1924,900,24
1925,900,25
1926,900,26
1927,900,27
1928,900,28
1929,900,29
1930,900,30
1931,903,20
1932,903,21
1933,903,22
1934,903,23
1935,903,24
1936,903,25
1937,903,26
1938,903,27
1939,903,28
1940,903,29
1941,903,30
1942,2994,20
1943,2994,21
1944,2994,22
1945,2994,23
1946,2994,24
1947,2994,25
1948,2994,26
1949,2994,27
1950,2994,28
1951,2994,29
1952,2994,30
1953,3171,20
1954,3171,21
1955,3171,22
1956,3171,23
1957,3171,24
1958,3171,25
1959,3171,26
1960,3171,27
1961,3171,28
1962,3171,29
1963,3171,30
1964,3291,20
1965,3291,21
1966,3291,22
1967,3291,23
1968,3291,24
1969,3291,25
1970,3291,26
1971,3291,27
1972,3291,28
1973,3291,29
1974,3291,30
1975,915,20
1976,915,21
1977,915,22
1978,915,23
1979,915,24
1980,915,25
1981,915,26
1982,915,27
1983,915,28
1984,915,29
1985,915,30
1986,2990,20
1987,2990,21
1988,2990,22
1989,2990,23
1990,2990,24
1991,2990,25
1992,2990,26
1993,2990,27
1994,2990,28
1995,2990,29
1996,2990,30
1997,3172,20
1998,3172,21
1999,3172,22
2000,3172,23
2001,3172,24
2002,3172,25
2003,3172,26
2004,3172,27
2005,3172,28
2006,3172,29
2007,3172,30
2008,3219,20
2009,3219,21
2010,3219,22
2011,3219,23
2012,3219,24
2013,3219,25
2014,3219,26
2015,3219,27
2016,3219,28
2017,3219,29
2018,3219,30
2019,934,20
2020,934,21
2021,934,22
2022,934,23
2023,934,24
2024,934,25
2025,934,26
2026,934,27
2027,934,28
2028,934,29
2029,934,30
2030,2989,20
2031,2989,21
2032,2989,22
2033,2989,23
2034,2989,24
2035,2989,25
2036,2989,26
2037,2989,27
2038,2989,28
2039,2989,29
2040,2989,30
2041,2998,20
2042,2998,21
2043,2998,22
2044,2998,23
2045,2998,24
2046,2998,25
2047,2998,26
2048,2998,27
2049,2998,28
2050,2998,29
2051,2998,30
2052,3173,20
2053,3173,21
2054,3173,22
2055,3173,23
2056,3173,24
2057,3173,25
2058,3173,26
2059,3173,27
2060,3173,28
2061,3173,29
2062,3173,30
2063,3220,20
2064,3220,21
2065,3220,22
2066,3220,23
2067,3220,24
2068,3220,25
2069,3220,26
2070,3220,27
2071,3220,28
2072,3220,29
2073,3220,30
2074,3287,20
2075,3287,21
2076,3287,22
2077,3287,23
2078,3287,24
2079,3287,25
2080,3287,26
2081,3287,27
2082,3287,28
2083,3287,29
2084,3287,30
2085,947,20
2086,947,21
2087,947,22
2088,947,23
2089,947,24
2090,947,25
2091,947,26
2092,947,27
2093,947,28
2094,947,29
2095,947,30
2096,950,20
2097,950,21
2098,950,22
2099,950,23
2100,950,24
2101,950,25
2102,950,26
2103,950,27
2104,950,28
2105,950,29
2106,950,30
2107,952,20
2108,952,21
2109,952,22
2110,952,23
2111,952,24
2112,952,25
2113,952,26
2114,952,27
2115,952,28
2116,952,29
2117,952,30
2118,954,20
2119,954,21
2120,954,22
2121,954,23
2122,954,24
2123,954,25
2124,954,26
2125,954,27
2126,954,28
2127,954,29
2128,954,30
2129,3174,20
2130,3174,21
2131,3174,22
2132,3174,23
2133,3174,24
2134,3174,25
2135,3174,26
2136,3174,27
2137,3174,28
2138,3174,29
2139,3174,30
2140,3177,20
2141,3177,21
2142,3177,22
2143,3177,23
2144,3177,24
2145,3177,25
2146,3177,26
2147,3177,27
2148,3177,28
2149,3177,29
2150,3177,30
2151,3181,20
2152,3181,21
2153,3181,22
2154,3181,23
2155,3181,24
2156,3181,25
2157,3181,26
2158,3181,27
2159,3181,28
2160,3181,29
2161,3181,30
2162,3281,20
2163,3281,21
2164,3281,22
2165,3281,23
2166,3281,24
2167,3281,25
2168,3281,26
2169,3281,27
2170,3281,28
2171,3281,29
2172,3281,30
2173,966,20
2174,966,21
2175,966,22
2176,966,23
2177,966,24
2178,966,25
2179,966,26
2180,966,27
2181,966,28
2182,966,29
2183,966,30
2184,972,20
2185,972,21
2186,972,22
2187,972,23
2188,972,24
2189,972,25
2190,972,26
2191,972,27
2192,972,28
2193,972,29
2194,972,30
2195,2953,20
2196,2953,21
2197,2953,22
2198,2953,23
2199,2953,24
2200,2953,25
2201,2953,26
2202,2953,27
2203,2953,28
2204,2953,29
2205,2953,30
2206,2999,20
2207,2999,21
2208,2999,22
2209,2999,23
2210,2999,24
2211,2999,25
2212,2999,26
2213,2999,27
2214,2999,28
2215,2999,29
2216,2999,30
2217,3082,20
2218,3082,21
2219,3082,22
2220,3082,23
2221,3082,24
2222,3082,25
2223,3082,26
2224,3082,27
2225,3082,28
2226,3082,29
2227,3082,30
2228,3175,20
2229,3175,21
2230,3175,22
2231,3175,23
2232,3175,24
2233,3175,25
2234,3175,26
2235,3175,27
2236,3175,28
2237,3175,29
2238,3175,30
2239,3190,20
2240,3190,21
2241,3190,22
2242,3190,23
2243,3190,24
2244,3190,25
2245,3190,26
2246,3190,27
2247,3190,28
2248,3190,29
2249,3190,30
2250,3222,20
2251,3222,21
2252,3222,22
2253,3222,23
2254,3222,24
2255,3222,25
2256,3222,26
2257,3222,27
2258,3222,28
2259,3222,29
2260,3222,30
2261,3283,20
2262,3283,21
2263,3283,22
2264,3283,23
2265,3283,24
2266,3283,25
2267,3283,26
2268,3283,27
2269,3283,28
2270,3283,29
2271,3283,30
2272,3290,20
2273,3290,21
2274,3290,22
2275,3290,23
2276,3290,24
2277,3290,25
2278,3290,26
2279,3290,27
2280,3290,28
2281,3290,29
2282,3290,30
2283,986,20
2284,986,21
2285,986,22
2286,986,23
2287,986,24
2288,986,25
2289,986,26
2290,986,27
2291,986,28
2292,986,29
2293,986,30
2294,990,20
2295,990,21
2296,990,22
2297,990,23
2298,990,24
2299,990,25
2300,990,26
2301,990,27
2302,990,28
2303,990,29
2304,990,30
2305,2993,20
2306,2993,21
2307,2993,22
2308,2993,23
2309,2993,24
2310,2993,25
2311,2993,26
2312,2993,27
2313,2993,28
2314,2993,29
2315,2993,30
2316,3176,20
2317,3176,21
2318,3176,22
2319,3176,23
2320,3176,24
2321,3176,25
2322,3176,26
2323,3176,27
2324,3176,28
2325,3176,29
2326,3176,30
2327,3194,20
2328,3194,21
2329,3194,22
2330,3194,23
2331,3194,24
2332,3194,25
2333,3194,26
2334,3194,27
2335,3194,28
2336,3194,29
2337,3194,30
2338,3223,20
2339,3223,21
2340,3223,22
2341,3223,23
2342,3223,24
2343,3223,25
2344,3223,26
2345,3223,27
2346,3223,28
2347,3223,29
2348,3223,30
2349,998,20
2350,998,21
2351,998,22
2352,998,23
2353,998,24
2354,998,25
2355,998,26
2356,998,27
2357,998,28
2358,998,29
2359,998,30
2360,1000,20
2361,1000,21
2362,1000,22
2363,1000,23
2364,1000,24
2365,1000,25
2366,1000,26
2367,1000,27
2368,1000,28
2369,1000,29
2370,1000,30
2371,1001,20
2372,1001,21
2373,1001,22
2374,1001,23
2375,1001,24
2376,1001,25
2377,1001,26
2378,1001,27
2379,1001,28
2380,1001,29
2381,1001,30
2382,1003,20
2383,1003,21
2384,1003,22
2385,1003,23
2386,1003,24
2387,1003,25
2388,1003,26
2389,1003,27
2390,1003,28
2391,1003,29
2392,1003,30
2393,1004,20
2394,1004,21
2395,1004,22
2396,1004,23
2397,1004,24
2398,1004,25
2399,1004,26
2400,1004,27
2401,1004,28
2402,1004,29
2403,1004,30
2404,1005,20
2405,1005,21
2406,1005,22
2407,1005,23
2408,1005,24
2409,1005,25
2410,1005,26
2411,1005,27
2412,1005,28
2413,1005,29
2414,1005,30
2415,2995,20
2416,2995,21
2417,2995,22
2418,2995,23
2419,2995,24
2420,2995,25
2421,2995,26
2422,2995,27
2423,2995,28
2424,2995,29
2425,2995,30
2426,3179,20
2427,3179,21
2428,3179,22
2429,3179,23
2430,3179,24
2431,3179,25
2432,3179,26
2433,3179,27
2434,3179,28
2435,3179,29
2436,3179,30
2437,3224,20
2438,3224,21
2439,3224,22
2440,3224,23
2441,3224,24
2442,3224,25
2443,3224,26
2444,3224,27
2445,3224,28
2446,3224,29
2447,3224,30
2448,1016,20
2449,1016,21
2450,1016,22
2451,1016,23
2452,1016,24
2453,1016,25
2454,1016,26
2455,1016,27
2456,1016,28
2457,1016,29
2458,1016,30
2459,1030,20
2460,1030,21
2461,1030,22
2462,1030,23
2463,1030,24
2464,1030,25
2465,1030,26
2466,1030,27
2467,1030,28
2468,1030,29
2469,1030,30
2470,756,20
2471,756,21
2472,756,22
2473,756,23
2474,756,24
2475,756,25
2476,756,26
2477,756,27
2478,756,28
2479,756,29
2480,756,30
2481,761,20
2482,761,21
2483,761,22
2484,761,23
2485,761,24
2486,761,25
2487,761,26
2488,761,27
2489,761,28
2490,761,29
2491,761,30
2492,767,20
2493,767,21
2494,767,22
2495,767,23
2496,767,24
2497,767,25
2498,767,26
2499,767,27
2500,767,28
2501,767,29
2502,767,30
2503,768,20
2504,768,21
2505,768,22
2506,768,23
2507,768,24
2508,768,25
2509,768,26
2510,768,27
2511,768,28
2512,768,29
2513,768,30
2514,769,20
2515,769,21
2516,769,22
2517,769,23
2518,769,24
2519,769,25
2520,769,26
2521,769,27
2522,769,28
2523,769,29
2524,769,30
2525,770,20
2526,770,21
2527,770,22
2528,770,23
2529,770,24
2530,770,25
2531,770,26
2532,770,27
2533,770,28
2534,770,29
2535,770,30
2536,1042,20
2537,1042,21
2538,1042,22
2539,1042,23
2540,1042,24
2541,1042,25
2542,1042,26
2543,1042,27
2544,1042,28
2545,1042,29
2546,1042,30
2547,1046,20
2548,1046,21
2549,1046,22
2550,1046,23
2551,1046,24
2552,1046,25
2553,1046,26
2554,1046,27
2555,1046,28
2556,1046,29
2557,1046,30
2558,772,20
2559,772,21
2560,772,22
2561,772,23
2562,772,24
2563,772,25
2564,772,26
2565,772,27
2566,772,28
2567,772,29
2568,772,30
2569,1051,20
2570,1051,21
2571,1051,22
2572,1051,23
2573,1051,24
2574,1051,25
2575,1051,26
2576,1051,27
2577,1051,28
2578,1051,29
2579,1051,30
2580,1054,20
2581,1054,21
2582,1054,22
2583,1054,23
2584,1054,24
2585,1054,25
2586,1054,26
2587,1054,27
2588,1054,28
2589,1054,29
2590,1054,30
2591,1057,20
2592,1057,21
2593,1057,22
2594,1057,23
2595,1057,24
2596,1057,25
2597,1057,26
2598,1057,27
2599,1057,28
2600,1057,29
2601,1057,30
2602,1059,20
2603,1059,21
2604,1059,22
2605,1059,23
2606,1059,24
2607,1059,25
2608,1059,26
2609,1059,27
2610,1059,28
2611,1059,29
2612,1059,30
2613,1061,20
2614,1061,21
2615,1061,22
2616,1061,23
2617,1061,24
2618,1061,25
2619,1061,26
2620,1061,27
2621,1061,28
2622,1061,29
2623,1061,30
2624,1063,20
2625,1063,21
2626,1063,22
2627,1063,23
2628,1063,24
2629,1063,25
2630,1063,26
2631,1063,27
2632,1063,28
2633,1063,29
2634,1063,30
2635,1065,20
2636,1065,21
2637,1065,22
2638,1065,23
2639,1065,24
2640,1065,25
2641,1065,26
2642,1065,27
2643,1065,28
2644,1065,29
2645,1065,30
2646,1066,20
2647,1066,21
2648,1066,22
2649,1066,23
2650,1066,24
2651,1066,25
2652,1066,26
2653,1066,27
2654,1066,28
2655,1066,29
2656,1066,30
2657,1071,20
2658,1071,21
2659,1071,22
2660,1071,23
2661,1071,24
2662,1071,25
2663,1071,26
2664,1071,27
2665,1071,28
2666,1071,29
2667,1071,30
2668,1084,20
2669,1084,21
2670,1084,22
2671,1084,23
2672,1084,24
2673,1084,25
2674,1084,26
2675,1084,27
2676,1084,28
2677,1084,29
2678,1084,30
2679,805,20
2680,805,21
2681,805,22
2682,805,23
2683,805,24
2684,805,25
2685,805,26
2686,805,27
2687,805,28
2688,805,29
2689,805,30
2690,808,20
2691,808,21
2692,808,22
2693,808,23
2694,808,24
2695,808,25
2696,808,26
2697,808,27
2698,808,28
2699,808,29
2700,808,30
2701,810,20
2702,810,21
2703,810,22
2704,810,23
2705,810,24
2706,810,25
2707,810,26
2708,810,27
2709,810,28
2710,810,29
2711,810,30
2712,818,20
2713,818,21
2714,818,22
2715,818,23
2716,818,24
2717,818,25
2718,818,26
2719,818,27
2720,818,28
2721,818,29
2722,818,30
2723,1086,20
2724,1086,21
2725,1086,22
2726,1086,23
2727,1086,24
2728,1086,25
2729,1086,26
2730,1086,27
2731,1086,28
2732,1086,29
2733,1086,30
2734,1087,20
2735,1087,21
2736,1087,22
2737,1087,23
2738,1087,24
2739,1087,25
2740,1087,26
2741,1087,27
2742,1087,28
2743,1087,29
2744,1087,30
2745,1088,20
2746,1088,21
2747,1088,22
2748,1088,23
2749,1088,24
2750,1088,25
2751,1088,26
2752,1088,27
2753,1088,28
2754,1088,29
2755,1088,30
2756,1089,20
2757,1089,21
2758,1089,22
2759,1089,23
2760,1089,24
2761,1089,25
2762,1089,26
2763,1089,27
2764,1089,28
2765,1089,29
2766,1089,30
2767,1090,20
2768,1090,21
2769,1090,22
2770,1090,23
2771,1090,24
2772,1090,25
2773,1090,26
2774,1090,27
2775,1090,28
2776,1090,29
2777,1090,30
2778,1092,20
2779,1092,21
2780,1092,22
2781,1092,23
2782,1092,24
2783,1092,25
2784,1092,26
2785,1092,27
2786,1092,28
2787,1092,29
2788,1092,30
2789,1094,20
2790,1094,21
2791,1094,22
2792,1094,23
2793,1094,24
2794,1094,25
2795,1094,26
2796,1094,27
2797,1094,28
2798,1094,29
2799,1094,30
2800,1097,20
2801,1097,21
2802,1097,22
2803,1097,23
2804,1097,24
2805,1097,25
2806,1097,26
2807,1097,27
2808,1097,28
2809,1097,29
2810,1097,30
2811,819,20
2812,819,21
2813,819,22
2814,819,23
2815,819,24
2816,819,25
2817,819,26
2818,819,27
2819,819,28
2820,819,29
2821,819,30
2822,821,20
2823,821,21
2824,821,22
2825,821,23
2826,821,24
2827,821,25
2828,821,26
2829,821,27
2830,821,28
2831,821,29
2832,821,30
2833,824,20
2834,824,21
2835,824,22
2836,824,23
2837,824,24
2838,824,25
2839,824,26
2840,824,27
2841,824,28
2842,824,29
2843,824,30
2844,826,20
2845,826,21
2846,826,22
2847,826,23
2848,826,24
2849,826,25
2850,826,26
2851,826,27
2852,826,28
2853,826,29
2854,826,30
2855,832,20
2856,832,21
2857,832,22
2858,832,23
2859,832,24
2860,832,25
2861,832,26
2862,832,27
2863,832,28
2864,832,29
2865,832,30
2866,1107,20
2867,1107,21
2868,1107,22
2869,1107,23
2870,1107,24
2871,1107,25
2872,1107,26
2873,1107,27
2874,1107,28
2875,1107,29
2876,1107,30
2877,1110,20
2878,1110,21
2879,1110,22
2880,1110,23
2881,1110,24
2882,1110,25
2883,1110,26
2884,1110,27
2885,1110,28
2886,1110,29
2887,1110,30
2888,1118,20
2889,1118,21
2890,1118,22
2891,1118,23
2892,1118,24
2893,1118,25
2894,1118,26
2895,1118,27
2896,1118,28
2897,1118,29
2898,1118,30
2899,843,20
2900,843,21
2901,843,22
2902,843,23
2903,843,24
2904,843,25
2905,843,26
2906,843,27
2907,843,28
2908,843,29
2909,843,30
2910,1124,20
2911,1124,21
2912,1124,22
2913,1124,23
2914,1124,24
2915,1124,25
2916,1124,26
2917,1124,27
2918,1124,28
2919,1124,29
2920,1124,30
2921,1125,20
2922,1125,21
2923,1125,22
2924,1125,23
2925,1125,24
2926,1125,25
2927,1125,26
2928,1125,27
2929,1125,28
2930,1125,29
2931,1125,30
2932,1126,20
2933,1126,21
2934,1126,22
2935,1126,23
2936,1126,24
2937,1126,25
2938,1126,26
2939,1126,27
2940,1126,28
2941,1126,29
2942,1126,30
2943,1127,20
2944,1127,21
2945,1127,22
2946,1127,23
2947,1127,24
2948,1127,25
2949,1127,26
2950,1127,27
2951,1127,28
2952,1127,29
2953,1127,30
2954,1128,20
2955,1128,21
2956,1128,22
2957,1128,23
2958,1128,24
2959,1128,25
2960,1128,26
2961,1128,27
2962,1128,28
2963,1128,29
2964,1128,30
2965,1129,20
2966,1129,21
2967,1129,22
2968,1129,23
2969,1129,24
2970,1129,25
2971,1129,26
2972,1129,27
2973,1129,28
2974,1129,29
2975,1129,30
2976,1130,20
2977,1130,21
2978,1130,22
2979,1130,23
2980,1130,24
2981,1130,25
2982,1130,26
2983,1130,27
2984,1130,28
2985,1130,29
2986,1130,30
2987,1131,20
2988,1131,21
2989,1131,22
2990,1131,23
2991,1131,24
2992,1131,25
2993,1131,26
2994,1131,27
2995,1131,28
2996,1131,29
2997,1131,30
2998,1132,20
2999,1132,21
3000,1132,22
3001,1132,23
3002,1132,24
3003,1132,25
3004,1132,26
3005,1132,27
3006,1132,28
3007,1132,29
3008,1132,30
3009,1133,20
3010,1133,21
3011,1133,22
3012,1133,23
3013,1133,24
3014,1133,25
3015,1133,26
3016,1133,27
3017,1133,28
3018,1133,29
3019,1133,30
3020,1134,20
3021,1134,21
3022,1134,22
3023,1134,23
3024,1134,24
3025,1134,25
3026,1134,26
3027,1134,27
3028,1134,28
3029,1134,29
3030,1134,30
3031,1135,20
3032,1135,21
3033,1135,22
3034,1135,23
3035,1135,24
3036,1135,25
3037,1135,26
3038,1135,27
3039,1135,28
3040,1135,29
3041,1135,30
3042,2954,20
3043,2954,21
3044,2954,22
3045,2954,23
3046,2954,24
3047,2954,25
3048,2954,26
3049,2954,27
3050,2954,28
3051,2954,29
3052,2954,30
3053,2955,20
3054,2955,21
3055,2955,22
3056,2955,23
3057,2955,24
3058,2955,25
3059,2955,26
3060,2955,27
3061,2955,28
3062,2955,29
3063,2955,30
3064,2956,20
3065,2956,21
3066,2956,22
3067,2956,23
3068,2956,24
3069,2956,25
3070,2956,26
3071,2956,27
3072,2956,28
3073,2956,29
3074,2956,30
3075,2959,20
3076,2959,21
3077,2959,22
3078,2959,23
3079,2959,24
3080,2959,25
3081,2959,26
3082,2959,27
3083,2959,28
3084,2959,29
3085,2959,30
3086,2970,20
3087,2970,21
3088,2970,22
3089,2970,23
3090,2970,24
3091,2970,25
3092,2970,26
3093,2970,27
3094,2970,28
3095,2970,29
3096,2970,30
3097,2975,20
3098,2975,21
3099,2975,22
3100,2975,23
3101,2975,24
3102,2975,25
3103,2975,26
3104,2975,27
3105,2975,28
3106,2975,29
3107,2975,30
3108,3002,20
3109,3002,21
3110,3002,22
3111,3002,23
3112,3002,24
3113,3002,25
3114,3002,26
3115,3002,27
3116,3002,28
3117,3002,29
3118,3002,30
3119,3003,20
3120,3003,21
3121,3003,22
3122,3003,23
3123,3003,24
3124,3003,25
3125,3003,26
3126,3003,27
3127,3003,28
3128,3003,29
3129,3003,30
3130,1136,20
3131,1136,21
3132,1136,22
3133,1136,23
3134,1136,24
3135,1136,25
3136,1136,26
3137,1136,27
3138,1136,28
3139,1136,29
3140,1136,30
3141,1137,20
3142,1137,21
3143,1137,22
3144,1137,23
3145,1137,24
3146,1137,25
3147,1137,26
3148,1137,27
3149,1137,28
3150,1137,29
3151,1137,30
3152,1138,20
3153,1138,21
3154,1138,22
3155,1138,23
3156,1138,24
3157,1138,25
3158,1138,26
3159,1138,27
3160,1138,28
3161,1138,29
3162,1138,30
3163,2974,20
3164,2974,21
3165,2974,22
3166,2974,23
3167,2974,24
3168,2974,25
3169,2974,26
3170,2974,27
3171,2974,28
3172,2974,29
3173,2974,30
3174,3005,20
3175,3005,21
3176,3005,22
3177,3005,23
3178,3005,24
3179,3005,25
3180,3005,26
3181,3005,27
3182,3005,28
3183,3005,29
3184,3005,30
3185,3006,20
3186,3006,21
3187,3006,22
3188,3006,23
3189,3006,24
3190,3006,25
3191,3006,26
3192,3006,27
3193,3006,28
3194,3006,29
3195,3006,30
3196,3009,20
3197,3009,21
3198,3009,22
3199,3009,23
3200,3009,24
3201,3009,25
3202,3009,26
3203,3009,27
3204,3009,28
3205,3009,29
3206,3009,30
3207,3180,20
3208,3180,21
3209,3180,22
3210,3180,23
3211,3180,24
3212,3180,25
3213,3180,26
3214,3180,27
3215,3180,28
3216,3180,29
3217,3180,30
3218,3182,20
3219,3182,21
3220,3182,22
3221,3182,23
3222,3182,24
3223,3182,25
3224,3182,26
3225,3182,27
3226,3182,28
3227,3182,29
3228,3182,30
3229,3183,20
3230,3183,21
3231,3183,22
3232,3183,23
3233,3183,24
3234,3183,25
3235,3183,26
3236,3183,27
3237,3183,28
3238,3183,29
3239,3183,30
3240,3185,20
3241,3185,21
3242,3185,22
3243,3185,23
3244,3185,24
3245,3185,25
3246,3185,26
3247,3185,27
3248,3185,28
3249,3185,29
3250,3185,30
3251,3186,20
3252,3186,21
3253,3186,22
3254,3186,23
3255,3186,24
3256,3186,25
3257,3186,26
3258,3186,27
3259,3186,28
3260,3186,29
3261,3186,30
3262,3187,20
3263,3187,21
3264,3187,22
3265,3187,23
3266,3187,24
3267,3187,25
3268,3187,26
3269,3187,27
3270,3187,28
3271,3187,29
3272,3187,30
3273,3191,20
3274,3191,21
3275,3191,22
3276,3191,23
3277,3191,24
3278,3191,25
3279,3191,26
3280,3191,27
3281,3191,28
3282,3191,29
3283,3191,30
3284,3192,20
3285,3192,21
3286,3192,22
3287,3192,23
3288,3192,24
3289,3192,25
3290,3192,26
3291,3192,27
3292,3192,28
3293,3192,29
3294,3192,30
3295,3225,20
3296,3225,21
3297,3225,22
3298,3225,23
3299,3225,24
3300,3225,25
3301,3225,26
3302,3225,27
3303,3225,28
3304,3225,29
3305,3225,30
3306,3227,20
3307,3227,21
3308,3227,22
3309,3227,23
3310,3227,24
3311,3227,25
3312,3227,26
3313,3227,27
3314,3227,28
3315,3227,29
3316,3227,30
3317,3228,20
3318,3228,21
3319,3228,22
3320,3228,23
3321,3228,24
3322,3228,25
3323,3228,26
3324,3228,27
3325,3228,28
3326,3228,29
3327,3228,30
3328,2961,20
3329,2961,21
3330,2961,22
3331,2961,23
3332,2961,24
3333,2961,25
3334,2961,26
3335,2961,27
3336,2961,28
3337,2961,29
3338,2961,30
3339,3196,20
3340,3196,21
3341,3196,22
3342,3196,23
3343,3196,24
3344,3196,25
3345,3196,26
3346,3196,27
3347,3196,28
3348,3196,29
3349,3196,30
3350,3230,20
3351,3230,21
3352,3230,22
3353,3230,23
3354,3230,24
3355,3230,25
3356,3230,26
3357,3230,27
3358,3230,28
3359,3230,29
3360,3230,30
3361,3231,20
3362,3231,21
3363,3231,22
3364,3231,23
3365,3231,24
3366,3231,25
3367,3231,26
3368,3231,27
3369,3231,28
3370,3231,29
3371,3231,30
3372,3232,20
3373,3232,21
3374,3232,22
3375,3232,23
3376,3232,24
3377,3232,25
3378,3232,26
3379,3232,27
3380,3232,28
3381,3232,29
3382,3232,30
3383,3233,20
3384,3233,21
3385,3233,22
3386,3233,23
3387,3233,24
3388,3233,25
3389,3233,26
3390,3233,27
3391,3233,28
3392,3233,29
3393,3233,30
3394,3234,20
3395,3234,21
3396,3234,22
3397,3234,23
3398,3234,24
3399,3234,25
3400,3234,26
3401,3234,27
3402,3234,28
3403,3234,29
3404,3234,30
3405,3236,20
3406,3236,21
3407,3236,22
3408,3236,23
3409,3236,24
3410,3236,25
3411,3236,26
3412,3236,27
3413,3236,28
3414,3236,29
3415,3236,30
3416,3097,20
3417,3097,21
3418,3097,22
3419,3097,23
3420,3097,24
3421,3097,25
3422,3097,26
3423,3097,27
3424,3097,28
3425,3097,29
3426,3097,30
3427,3197,20
3428,3197,21
3429,3197,22
3430,3197,23
3431,3197,24
3432,3197,25
3433,3197,26
3434,3197,27
3435,3197,28
3436,3197,29
3437,3197,30
3438,3235,20
3439,3235,21
3440,3235,22
3441,3235,23
3442,3235,24
3443,3235,25
3444,3235,26
3445,3235,27
3446,3235,28
3447,3235,29
3448,3235,30
3449,3294,20
3450,3294,21
3451,3294,22
3452,3294,23
3453,3294,24
3454,3294,25
3455,3294,26
3456,3294,27
3457,3294,28
3458,3294,29
3459,3294,30
3460,33,7
3461,33,8
3462,33,9
3463,36,7
3464,36,8
3465,36,9
3466,37,7
3467,37,8
3468,37,9
3469,38,7
3470,38,8
3471,38,9
3472,111,7
3473,111,8
3474,111,9
3475,113,7
3476,113,8
3477,113,9
3478,131,7
3479,131,8
3480,131,9
3481,137,7
3482,137,8
3483,137,9
3484,138,7
3485,138,8
3486,138,9
3487,161,7
3488,161,8
3489,161,9
3490,638,7
3491,638,8
3492,638,9
3493,639,7
3494,639,8
3495,639,9
3496,640,7
3497,640,8
3498,640,9
3499,644,7
3500,644,8
3501,644,9
3502,271,7
3503,271,8
3504,271,9
3505,272,7
3506,272,8
3507,272,9
3508,273,7
3509,273,8
3510,273,9
3511,274,7
3512,274,8
3513,274,9
3514,275,7
3515,275,8
3516,275,9
3517,276,7
3518,276,8
3519,276,9
3520,277,7
3521,277,8
3522,277,9
3523,278,7
3524,278,8
3525,278,9
3526,279,7
3527,279,8
3528,279,9
3529,280,7
3530,280,8
3531,280,9
3532,281,7
3533,281,8
3534,281,9
3535,282,7
3536,282,8
3537,282,9
3538,283,7
3539,283,8
3540,283,9
3541,385,7
3542,385,8
3543,385,9
3544,391,7
3545,391,8
3546,391,9
3547,392,7
3548,392,8
3549,392,9
3550,395,7
3551,395,8
3552,395,9
3553,396,7
3554,396,8
3555,396,9
3556,397,7
3557,397,8
3558,397,9
3559,500,7
3560,500,8
3561,500,9
3562,503,7
3563,503,8
3564,503,9
3565,504,7
3566,504,8
3567,504,9
3568,510,7
3569,510,8
3570,510,9
3571,512,7
3572,512,8
3573,512,9
3574,514,7
3575,514,8
3576,514,9
3577,663,7
3578,663,8
3579,663,9
3580,666,7
3581,666,8
3582,666,9
3583,670,7
3584,670,8
3585,670,9
3586,673,7
3587,673,8
3588,673,9
3589,674,7
3590,674,8
3591,674,9
3592,677,7
3593,677,8
3594,677,9
3595,302,7
3596,302,8
3597,302,9
3598,303,7
3599,303,8
3600,303,9
3601,304,7
3602,304,8
3603,304,9
3604,307,7
3605,307,8
3606,307,9
3607,309,7
3608,309,8
3609,309,9
3610,310,7
3611,310,8
3612,310,9
3613,417,7
3614,417,8
3615,417,9
3616,423,7
3617,423,8
3618,423,9
3619,427,7
3620,427,8
3621,427,9
3622,534,7
3623,534,8
3624,534,9
3625,535,7
3626,535,8
3627,535,9
3628,540,7
3629,540,8
3630,540,9
3631,574,7
3632,574,8
3633,574,9
3634,576,7
3635,576,8
3636,576,9
3637,578,7
3638,578,8
3639,578,9
3640,585,7
3641,585,8
3642,585,9
3643,220,7
3644,220,8
3645,220,9
3646,224,7
3647,224,8
3648,224,9
3649,225,7
3650,225,8
3651,225,9
3652,227,7
3653,227,8
3654,227,9
3655,229,7
3656,229,8
3657,229,9
3658,230,7
3659,230,8
3660,230,9
3661,325,7
3662,325,8
3663,325,9
3664,327,7
3665,327,8
3666,327,9
3667,328,7
3668,328,8
3669,328,9
3670,329,7
3671,329,8
3672,329,9
3673,331,7
3674,331,8
3675,331,9
3676,332,7
3677,332,8
3678,332,9
3679,333,7
3680,333,8
3681,333,9
3682,334,7
3683,334,8
3684,334,9
3685,336,7
3686,336,8
3687,336,9
3688,448,7
3689,448,8
3690,448,9
3691,450,7
3692,450,8
3693,450,9
3694,452,7
3695,452,8
3696,452,9
3697,453,7
3698,453,8
3699,453,9
3700,255,7
3701,255,8
3702,255,9
3703,256,7
3704,256,8
3705,256,9
3706,257,7
3707,257,8
3708,257,9
3709,355,7
3710,355,8
3711,355,9
3712,356,7
3713,356,8
3714,356,9
3715,358,7
3716,358,8
3717,358,9
3718,359,7
3719,359,8
3720,359,9
3721,361,7
3722,361,8
3723,361,9
3724,365,7
3725,365,8
3726,365,9
3727,368,7
3728,368,8
3729,368,9
3730,474,7
3731,474,8
3732,474,9
3733,606,7
3734,606,8
3735,606,9
3736,607,7
3737,607,8
3738,607,9
3739,608,7
3740,608,8
3741,608,9
3742,609,7
3743,609,8
3744,609,9
3745,610,7
3746,610,8
3747,610,9
3748,163,7
3749,163,8
3750,163,9
3751,165,7
3752,165,8
3753,165,9
3754,258,7
3755,258,8
3756,258,9
3757,259,7
3758,259,8
3759,259,9
3760,260,7
3761,260,8
3762,260,9
3763,261,7
3764,261,8
3765,261,9
3766,262,7
3767,262,8
3768,262,9
3769,263,7
3770,263,8
3771,263,9
3772,264,7
3773,264,8
3774,264,9
3775,265,7
3776,265,8
3777,265,9
3778,266,7
3779,266,8
3780,266,9
3781,267,7
3782,267,8
3783,267,9
3784,268,7
3785,268,8
3786,268,9
3787,269,7
3788,269,8
3789,269,9
3790,270,7
3791,270,8
3792,270,9
3793,21,7
3794,21,8
3795,21,9
3796,284,7
3797,284,8
3798,284,9
3799,285,7
3800,285,8
3801,285,9
3802,286,7
3803,286,8
3804,286,9
3805,287,7
3806,287,8
3807,287,9
3808,288,7
3809,288,8
3810,288,9
3811,289,7
3812,289,8
3813,289,9
3814,290,7
3815,290,8
3816,290,9
3817,291,7
3818,291,8
3819,291,9
3820,292,7
3821,292,8
3822,292,9
3823,293,7
3824,293,8
3825,293,9
3826,294,7
3827,294,8
3828,294,9
3829,295,7
3830,295,8
3831,295,9
3832,39,7
3833,39,8
3834,39,9
3835,40,7
3836,40,8
3837,40,9
3838,121,7
3839,121,8
3840,121,9
3841,124,7
3842,124,8
3843,124,9
3844,125,7
3845,125,8
3846,125,9
3847,214,7
3848,214,8
3849,214,9
3850,311,7
3851,311,8
3852,311,9
3853,312,7
3854,312,8
3855,312,9
3856,316,7
3857,316,8
3858,316,9
3859,319,7
3860,319,8
3861,319,9
3862,320,7
3863,320,8
3864,320,9
3865,323,7
3866,323,8
3867,323,9
3868,324,7
3869,324,8
3870,324,9
3871,140,7
3872,140,8
3873,140,9
3874,145,7
3875,145,8
3876,145,9
3877,231,7
3878,231,8
3879,231,9
3880,232,7
3881,232,8
3882,232,9
3883,240,7
3884,240,8
3885,240,9
3886,341,7
3887,341,8
3888,341,9
3889,342,7
3890,342,8
3891,342,9
3892,343,7
3893,343,8
3894,343,9
3895,344,7
3896,344,8
3897,344,9
3898,347,7
3899,347,8
3900,347,9
3901,348,7
3902,348,8
3903,348,9
3904,349,7
3905,349,8
3906,349,9
3907,350,7
3908,350,8
3909,350,9
3910,353,7
3911,353,8
3912,353,9
3913,487,7
3914,487,8
3915,487,9
3916,494,7
3917,494,8
3918,494,9
3919,496,7
3920,496,8
3921,496,9
3922,499,7
3923,499,8
3924,499,9
3925,651,7
3926,651,8
3927,651,9
3928,653,7
3929,653,8
3930,653,9
3931,655,7
3932,655,8
3933,655,9
3934,656,7
3935,656,8
3936,656,9
3937,657,7
3938,657,8
3939,657,9
3940,658,7
3941,658,8
3942,658,9
3943,660,7
3944,660,8
3945,660,9
3946,661,7
3947,661,8
3948,661,9
3949,662,7
3950,662,8
3951,662,9
3952,730,7
3953,730,8
3954,730,9
3955,732,7
3956,732,8
3957,732,9
3958,733,7
3959,733,8
3960,733,9
3961,737,7
3962,737,8
3963,737,9
3964,402,7
3965,402,8
3966,402,9
3967,406,7
3968,406,8
3969,406,9
3970,408,7
3971,408,8
3972,408,9
3973,410,7
3974,410,8
3975,410,9
3976,516,7
3977,516,8
3978,516,9
3979,517,7
3980,517,8
3981,517,9
3982,518,7
3983,518,8
3984,518,9
3985,520,7
3986,520,8
3987,520,9
3988,523,7
3989,523,8
3990,523,9
3991,528,7
3992,528,8
3993,528,9
3994,557,7
3995,557,8
3996,557,9
3997,564,7
3998,564,8
3999,564,9
4000,567,7
4001,567,8
4002,567,9
4003,568,7
4004,568,8
4005,568,9
4006,678,7
4007,678,8
4008,678,9
4009,681,7
4010,681,8
4011,681,9
4012,689,7
4013,689,8
4014,689,9
4015,428,7
4016,428,8
4017,428,9
4018,431,7
4019,431,8
4020,431,9
4021,434,7
4022,434,8
4023,434,9
4024,437,7
4025,437,8
4026,437,9
4027,545,7
4028,545,8
4029,545,9
4030,546,7
4031,546,8
4032,546,9
4033,547,7
4034,547,8
4035,547,9
4036,549,7
4037,549,8
4038,549,9
4039,550,7
4040,550,8
4041,550,9
4042,551,7
4043,551,8
4044,551,9
4045,591,7
4046,591,8
4047,591,9
4048,594,7
4049,594,8
4050,594,9
4051,596,7
4052,596,8
4053,596,9
4054,597,7
4055,597,8
4056,597,9
4057,603,7
4058,603,8
4059,603,9
4060,691,7
4061,691,8
4062,691,9
4063,693,7
4064,693,8
4065,693,9
4066,701,7
4067,701,8
4068,701,9
4069,704,7
4070,704,8
4071,704,9
4072,455,7
4073,455,8
4074,455,9
4075,456,7
4076,456,8
4077,456,9
4078,457,7
4079,457,8
4080,457,9
4081,462,7
4082,462,8
4083,462,9
4084,463,7
4085,463,8
4086,463,9
4087,465,7
4088,465,8
4089,465,9
4090,469,7
4091,469,8
4092,469,9
4093,620,7
4094,620,8
4095,620,9
4096,621,7
4097,621,8
4098,621,9
4099,623,7
4100,623,8
4101,623,9
4102,624,7
4103,624,8
4104,624,9
4105,627,7
4106,627,8
4107,627,9
4108,629,7
4109,629,8
4110,629,9
4111,630,7
4112,630,8
4113,630,9
4114,709,7
4115,709,8
4116,709,9
4117,712,7
4118,712,8
4119,712,9
4120,719,7
4121,719,8
4122,719,9
4123,376,7
4124,376,8
4125,376,9
4126,384,7
4127,384,8
4128,384,9
4129,3062,7
4130,3062,8
4131,3062,9
4132,3064,7
4133,3064,8
4134,3064,9
4135,3240,7
4136,3240,8
4137,3240,9
4138,2967,7
4139,2967,8
4140,2967,9
4141,3058,7
4142,3058,8
4143,3058,9
4144,3066,7
4145,3066,8
4146,3066,9
4147,3071,7
4148,3071,8
4149,3071,9
4150,3260,7
4151,3260,8
4152,3260,9
4153,3060,7
4154,3060,8
4155,3060,9
4156,3209,7
4157,3209,8
4158,3209,9
4159,2972,7
4160,2972,8
4161,2972,9
4162,3063,7
4163,3063,8
4164,3063,9
4165,3065,7
4166,3065,8
4167,3065,9
4168,3288,7
4169,3288,8
4170,3288,9
4171,3067,7
4172,3067,8
4173,3067,9
4174,3070,7
4175,3070,8
4176,3070,9
4177,3068,7
4178,3068,8
4179,3068,9
4180,3069,7
4181,3069,8
4182,3069,9
4183,3270,7
4184,3270,8
4185,3270,9
4186,863,7
4187,863,8
4188,863,9
4189,867,7
4190,867,8
4191,867,9
4192,872,7
4193,872,8
4194,872,9
4195,875,7
4196,875,8
4197,875,9
4198,3276,7
4199,3276,8
4200,3276,9
4201,880,7
4202,880,8
4203,880,9
4204,881,7
4205,881,8
4206,881,9
4207,885,7
4208,885,8
4209,885,9
4210,886,7
4211,886,8
4212,886,9
4213,889,7
4214,889,8
4215,889,9
4216,890,7
4217,890,8
4218,890,9
4219,907,7
4220,907,8
4221,907,9
4222,909,7
4223,909,8
4224,909,9
4225,3001,7
4226,3001,8
4227,3001,9
4228,912,7
4229,912,8
4230,912,9
4231,913,7
4232,913,8
4233,913,9
4234,919,7
4235,919,8
4236,919,9
4237,920,7
4238,920,8
4239,920,9
4240,922,7
4241,922,8
4242,922,9
4243,923,7
4244,923,8
4245,923,9
4246,925,7
4247,925,8
4248,925,9
4249,926,7
4250,926,8
4251,926,9
4252,927,7
4253,927,8
4254,927,9
4255,929,7
4256,929,8
4257,929,9
4258,932,7
4259,932,8
4260,932,9
4261,935,7
4262,935,8
4263,935,9
4264,937,7
4265,937,8
4266,937,9
4267,939,7
4268,939,8
4269,939,9
4270,3279,7
4271,3279,8
4272,3279,9
4273,953,7
4274,953,8
4275,953,9
4276,961,7
4277,961,8
4278,961,9
4279,2991,7
4280,2991,8
4281,2991,9
4282,975,7
4283,975,8
4284,975,9
4285,989,7
4286,989,8
4287,989,9
4288,991,7
4289,991,8
4290,991,9
4291,1006,7
4292,1006,8
4293,1006,9
4294,1007,7
4295,1007,8
4296,1007,9
4297,3285,7
4298,3285,8
4299,3285,9
4300,743,7
4301,743,8
4302,743,9
4303,749,7
4304,749,8
4305,749,9
4306,750,7
4307,750,8
4308,750,9
4309,1023,7
4310,1023,8
4311,1023,9
4312,759,7
4313,759,8
4314,759,9
4315,760,7
4316,760,8
4317,760,9
4318,762,7
4319,762,8
4320,762,9
4321,763,7
4322,763,8
4323,763,9
4324,1040,7
4325,1040,8
4326,1040,9
4327,1043,7
4328,1043,8
4329,1043,9
4330,1045,7
4331,1045,8
4332,1045,9
4333,774,7
4334,774,8
4335,774,9
4336,776,7
4337,776,8
4338,776,9
4339,777,7
4340,777,8
4341,777,9
4342,779,7
4343,779,8
4344,779,9
4345,781,7
4346,781,8
4347,781,9
4348,782,7
4349,782,8
4350,782,9
4351,1055,7
4352,1055,8
4353,1055,9
4354,1064,7
4355,1064,8
4356,1064,9
4357,786,7
4358,786,8
4359,786,9
4360,787,7
4361,787,8
4362,787,9
4363,788,7
4364,788,8
4365,788,9
4366,789,7
4367,789,8
4368,789,9
4369,792,7
4370,792,8
4371,792,9
4372,793,7
4373,793,8
4374,793,9
4375,794,7
4376,794,8
4377,794,9
4378,799,7
4379,799,8
4380,799,9
4381,1074,7
4382,1074,8
4383,1074,9
4384,803,7
4385,803,8
4386,803,9
4387,811,7
4388,811,8
4389,811,9
4390,817,7
4391,817,8
4392,817,9
4393,822,7
4394,822,8
4395,822,9
4396,831,7
4397,831,8
4398,831,9
4399,1121,7
4400,1121,8
4401,1121,9
4402,2952,7
4403,2952,8
4404,2952,9
4405,2957,7
4406,2957,8
4407,2957,9
4408,2996,7
4409,2996,8
4410,2996,9
4411,3007,7
4412,3007,8
4413,3007,9
4414,3013,7
4415,3013,8
4416,3013,9
4417,2962,7
4418,2962,8
4419,2962,9
4420,2977,7
4421,2977,8
4422,2977,9
4423,3292,7
4424,3292,8
4425,3292,9
4426,91,1
4427,91,2
4428,91,3
4429,91,4
4430,91,5
4431,91,6
4432,93,1
4433,93,2
4434,93,3
4435,93,4
4436,93,5
4437,93,6
4438,181,1
4439,181,2
4440,181,3
4441,181,4
4442,181,5
4443,181,6
4444,193,1
4445,193,2
4446,193,3
4447,193,4
4448,193,5
4449,193,6
4450,202,1
4451,202,2
4452,202,3
4453,202,4
4454,202,5
4455,202,6
4456,637,1
4457,637,2
4458,637,3
4459,637,4
4460,637,5
4461,637,6
4462,641,1
4463,641,2
4464,641,3
4465,641,4
4466,641,5
4467,641,6
4468,642,1
4469,642,2
4470,642,3
4471,642,4
4472,642,5
4473,642,6
4474,645,1
4475,645,2
4476,645,3
4477,645,4
4478,645,5
4479,645,6
4480,388,1
4481,388,2
4482,388,3
4483,388,4
4484,388,5
4485,388,6
4486,389,1
4487,389,2
4488,389,3
4489,389,4
4490,389,5
4491,389,6
4492,390,1
4493,390,2
4494,390,3
4495,390,4
4496,390,5
4497,390,6
4498,393,1
4499,393,2
4500,393,3
4501,393,4
4502,393,5
4503,393,6
4504,394,1
4505,394,2
4506,394,3
4507,394,4
4508,394,5
4509,394,6
4510,398,1
4511,398,2
4512,398,3
4513,398,4
4514,398,5
4515,398,6
4516,501,1
4517,501,2
4518,501,3
4519,501,4
4520,501,5
4521,501,6
4522,506,1
4523,506,2
4524,506,3
4525,506,4
4526,506,5
4527,506,6
4528,507,1
4529,507,2
4530,507,3
4531,507,4
4532,507,5
4533,507,6
4534,508,1
4535,508,2
4536,508,3
4537,508,4
4538,508,5
4539,508,6
4540,509,1
4541,509,2
4542,509,3
4543,509,4
4544,509,5
4545,509,6
4546,511,1
4547,511,2
4548,511,3
4549,511,4
4550,511,5
4551,511,6
4552,667,1
4553,667,2
4554,667,3
4555,667,4
4556,667,5
4557,667,6
4558,668,1
4559,668,2
4560,668,3
4561,668,4
4562,668,5
4563,668,6
4564,672,1
4565,672,2
4566,672,3
4567,672,4
4568,672,5
4569,672,6
4570,297,1
4571,297,2
4572,297,3
4573,297,4
4574,297,5
4575,297,6
4576,298,1
4577,298,2
4578,298,3
4579,298,4
4580,298,5
4581,298,6
4582,299,1
4583,299,2
4584,299,3
4585,299,4
4586,299,5
4587,299,6
4588,300,1
4589,300,2
4590,300,3
4591,300,4
4592,300,5
4593,300,6
4594,416,1
4595,416,2
4596,416,3
4597,416,4
4598,416,5
4599,416,6
4600,537,1
4601,537,2
4602,537,3
4603,537,4
4604,537,5
4605,537,6
4606,542,1
4607,542,2
4608,542,3
4609,542,4
4610,542,5
4611,542,6
4612,575,1
4613,575,2
4614,575,3
4615,575,4
4616,575,5
4617,575,6
4618,581,1
4619,581,2
4620,581,3
4621,581,4
4622,581,5
4623,581,6
4624,221,1
4625,221,2
4626,221,3
4627,221,4
4628,221,5
4629,221,6
4630,223,1
4631,223,2
4632,223,3
4633,223,4
4634,223,5
4635,223,6
4636,226,1
4637,226,2
4638,226,3
4639,226,4
4640,226,5
4641,226,6
4642,326,1
4643,326,2
4644,326,3
4645,326,4
4646,326,5
4647,326,6
4648,335,1
4649,335,2
4650,335,3
4651,335,4
4652,335,5
4653,335,6
4654,339,1
4655,339,2
4656,339,3
4657,339,4
4658,339,5
4659,339,6
4660,444,1
4661,444,2
4662,444,3
4663,444,4
4664,444,5
4665,444,6
4666,447,1
4667,447,2
4668,447,3
4669,447,4
4670,447,5
4671,447,6
4672,363,1
4673,363,2
4674,363,3
4675,363,4
4676,363,5
4677,363,6
4678,367,1
4679,367,2
4680,367,3
4681,367,4
4682,367,5
4683,367,6
4684,471,1
4685,471,2
4686,471,3
4687,471,4
4688,471,5
4689,471,6
4690,472,1
4691,472,2
4692,472,3
4693,472,4
4694,472,5
4695,472,6
4696,475,1
4697,475,2
4698,475,3
4699,475,4
4700,475,5
4701,475,6
4702,476,1
4703,476,2
4704,476,3
4705,476,4
4706,476,5
4707,476,6
4708,477,1
4709,477,2
4710,477,3
4711,477,4
4712,477,5
4713,477,6
4714,480,1
4715,480,2
4716,480,3
4717,480,4
4718,480,5
4719,480,6
4720,481,1
4721,481,2
4722,481,3
4723,481,4
4724,481,5
4725,481,6
4726,605,1
4727,605,2
4728,605,3
4729,605,4
4730,605,5
4731,605,6
4732,614,1
4733,614,2
4734,614,3
4735,614,4
4736,614,5
4737,614,6
4738,618,1
4739,618,2
4740,618,3
4741,618,4
4742,618,5
4743,618,6
4744,78,1
4745,78,2
4746,78,3
4747,78,4
4748,78,5
4749,78,6
4750,172,1
4751,172,2
4752,172,3
4753,172,4
4754,172,5
4755,172,6
4756,296,1
4757,296,2
4758,296,3
4759,296,4
4760,296,5
4761,296,6
4762,210,1
4763,210,2
4764,210,3
4765,210,4
4766,210,5
4767,210,6
4768,212,1
4769,212,2
4770,212,3
4771,212,4
4772,212,5
4773,212,6
4774,314,1
4775,314,2
4776,314,3
4777,314,4
4778,314,5
4779,314,6
4780,317,1
4781,317,2
4782,317,3
4783,317,4
4784,317,5
4785,317,6
4786,322,1
4787,322,2
4788,322,3
4789,322,4
4790,322,5
4791,322,6
4792,62,1
4793,62,2
4794,62,3
4795,62,4
4796,62,5
4797,62,6
4798,233,1
4799,233,2
4800,233,3
4801,233,4
4802,233,5
4803,233,6
4804,234,1
4805,234,2
4806,234,3
4807,234,4
4808,234,5
4809,234,6
4810,235,1
4811,235,2
4812,235,3
4813,235,4
4814,235,5
4815,235,6
4816,236,1
4817,236,2
4818,236,3
4819,236,4
4820,236,5
4821,236,6
4822,237,1
4823,237,2
4824,237,3
4825,237,4
4826,237,5
4827,237,6
4828,238,1
4829,238,2
4830,238,3
4831,238,4
4832,238,5
4833,238,6
4834,239,1
4835,239,2
4836,239,3
4837,239,4
4838,239,5
4839,239,6
4840,351,1
4841,351,2
4842,351,3
4843,351,4
4844,351,5
4845,351,6
4846,352,1
4847,352,2
4848,352,3
4849,352,4
4850,352,5
4851,352,6
4852,354,1
4853,354,2
4854,354,3
4855,354,4
4856,354,5
4857,354,6
4858,485,1
4859,485,2
4860,485,3
4861,485,4
4862,485,5
4863,485,6
4864,490,1
4865,490,2
4866,490,3
4867,490,4
4868,490,5
4869,490,6
4870,652,1
4871,652,2
4872,652,3
4873,652,4
4874,652,5
4875,652,6
4876,739,1
4877,739,2
4878,739,3
4879,739,4
4880,739,5
4881,739,6
4882,740,1
4883,740,2
4884,740,3
4885,740,4
4886,740,5
4887,740,6
4888,405,1
4889,405,2
4890,405,3
4891,405,4
4892,405,5
4893,405,6
4894,411,1
4895,411,2
4896,411,3
4897,411,4
4898,411,5
4899,411,6
4900,515,1
4901,515,2
4902,515,3
4903,515,4
4904,515,5
4905,515,6
4906,525,1
4907,525,2
4908,525,3
4909,525,4
4910,525,5
4911,525,6
4912,563,1
4913,563,2
4914,563,3
4915,563,4
4916,563,5
4917,563,6
4918,566,1
4919,566,2
4920,566,3
4921,566,4
4922,566,5
4923,566,6
4924,680,1
4925,680,2
4926,680,3
4927,680,4
4928,680,5
4929,680,6
4930,429,1
4931,429,2
4932,429,3
4933,429,4
4934,429,5
4935,429,6
4936,430,1
4937,430,2
4938,430,3
4939,430,4
4940,430,5
4941,430,6
4942,438,1
4943,438,2
4944,438,3
4945,438,4
4946,438,5
4947,438,6
4948,548,1
4949,548,2
4950,548,3
4951,548,4
4952,548,5
4953,548,6
4954,588,1
4955,588,2
4956,588,3
4957,588,4
4958,588,5
4959,588,6
4960,589,1
4961,589,2
4962,589,3
4963,589,4
4964,589,5
4965,589,6
4966,593,1
4967,593,2
4968,593,3
4969,593,4
4970,593,5
4971,593,6
4972,595,1
4973,595,2
4974,595,3
4975,595,4
4976,595,5
4977,595,6
4978,598,1
4979,598,2
4980,598,3
4981,598,4
4982,598,5
4983,598,6
4984,599,1
4985,599,2
4986,599,3
4987,599,4
4988,599,5
4989,599,6
4990,600,1
4991,600,2
4992,600,3
4993,600,4
4994,600,5
4995,600,6
4996,601,1
4997,601,2
4998,601,3
4999,601,4
5000,601,5
5001,601,6
5002,602,1
5003,602,2
5004,602,3
5005,602,4
5006,602,5
5007,602,6
5008,694,1
5009,694,2
5010,694,3
5011,694,4
5012,694,5
5013,694,6
5014,695,1
5015,695,2
5016,695,3
5017,695,4
5018,695,5
5019,695,6
5020,698,1
5021,698,2
5022,698,3
5023,698,4
5024,698,5
5025,698,6
5026,700,1
5027,700,2
5028,700,3
5029,700,4
5030,700,5
5031,700,6
5032,461,1
5033,461,2
5034,461,3
5035,461,4
5036,461,5
5037,461,6
5038,464,1
5039,464,2
5040,464,3
5041,464,4
5042,464,5
5043,464,6
5044,467,1
5045,467,2
5046,467,3
5047,467,4
5048,467,5
5049,467,6
5050,468,1
5051,468,2
5052,468,3
5053,468,4
5054,468,5
5055,468,6
5056,619,1
5057,619,2
5058,619,3
5059,619,4
5060,619,5
5061,619,6
5062,625,1
5063,625,2
5064,625,3
5065,625,4
5066,625,5
5067,625,6
5068,628,1
5069,628,2
5070,628,3
5071,628,4
5072,628,5
5073,628,6
5074,631,1
5075,631,2
5076,631,3
5077,631,4
5078,631,5
5079,631,6
5080,635,1
5081,635,2
5082,635,3
5083,635,4
5084,635,5
5085,635,6
5086,708,1
5087,708,2
5088,708,3
5089,708,4
5090,708,5
5091,708,6
5092,711,1
5093,711,2
5094,711,3
5095,711,4
5096,711,5
5097,711,6
5098,713,1
5099,713,2
5100,713,3
5101,713,4
5102,713,5
5103,713,6
5104,718,1
5105,718,2
5106,718,3
5107,718,4
5108,718,5
5109,718,6
5110,371,1
5111,371,2
5112,371,3
5113,371,4
5114,371,5
5115,371,6
5116,372,1
5117,372,2
5118,372,3
5119,372,4
5120,372,5
5121,372,6
5122,374,1
5123,374,2
5124,374,3
5125,374,4
5126,374,5
5127,374,6
5128,375,1
5129,375,2
5130,375,3
5131,375,4
5132,375,5
5133,375,6
5134,378,1
5135,378,2
5136,378,3
5137,378,4
5138,378,5
5139,378,6
5140,379,1
5141,379,2
5142,379,3
5143,379,4
5144,379,5
5145,379,6
5146,381,1
5147,381,2
5148,381,3
5149,381,4
5150,381,5
5151,381,6
5152,382,1
5153,382,2
5154,382,3
5155,382,4
5156,382,5
5157,382,6
5158,383,1
5159,383,2
5160,383,3
5161,383,4
5162,383,5
5163,383,6
5164,2964,1
5165,2964,2
5166,2964,3
5167,2964,4
5168,2964,5
5169,2964,6
5170,3261,1
5171,3261,2
5172,3261,3
5173,3261,4
5174,3261,5
5175,3261,6
5176,3215,1
5177,3215,2
5178,3215,3
5179,3215,4
5180,3215,5
5181,3215,6
5182,3210,1
5183,3210,2
5184,3210,3
5185,3210,4
5186,3210,5
5187,3210,6
5188,3266,1
5189,3266,2
5190,3266,3
5191,3266,4
5192,3266,5
5193,3266,6
5194,3248,1
5195,3248,2
5196,3248,3
5197,3248,4
5198,3248,5
5199,3248,6
5200,3267,1
5201,3267,2
5202,3267,3
5203,3267,4
5204,3267,5
5205,3267,6
5206,3211,1
5207,3211,2
5208,3211,3
5209,3211,4
5210,3211,5
5211,3211,6
5212,3268,1
5213,3268,2
5214,3268,3
5215,3268,4
5216,3268,5
5217,3268,6
5218,849,1
5219,849,2
5220,849,3
5221,849,4
5222,849,5
5223,849,6
5224,851,1
5225,851,2
5226,851,3
5227,851,4
5228,851,5
5229,851,6
5230,852,1
5231,852,2
5232,852,3
5233,852,4
5234,852,5
5235,852,6
5236,853,1
5237,853,2
5238,853,3
5239,853,4
5240,853,5
5241,853,6
5242,855,1
5243,855,2
5244,855,3
5245,855,4
5246,855,5
5247,855,6
5248,859,1
5249,859,2
5250,859,3
5251,859,4
5252,859,5
5253,859,6
5254,3072,1
5255,3072,2
5256,3072,3
5257,3072,4
5258,3072,5
5259,3072,6
5260,861,1
5261,861,2
5262,861,3
5263,861,4
5264,861,5
5265,861,6
5266,865,1
5267,865,2
5268,865,3
5269,865,4
5270,865,5
5271,865,6
5272,871,1
5273,871,2
5274,871,3
5275,871,4
5276,871,5
5277,871,6
5278,873,1
5279,873,2
5280,873,3
5281,873,4
5282,873,5
5283,873,6
5284,3073,1
5285,3073,2
5286,3073,3
5287,3073,4
5288,3073,5
5289,3073,6
5290,3280,1
5291,3280,2
5292,3280,3
5293,3280,4
5294,3280,5
5295,3280,6
5296,878,1
5297,878,2
5298,878,3
5299,878,4
5300,878,5
5301,878,6
5302,882,1
5303,882,2
5304,882,3
5305,882,4
5306,882,5
5307,882,6
5308,883,1
5309,883,2
5310,883,3
5311,883,4
5312,883,5
5313,883,6
5314,3074,1
5315,3074,2
5316,3074,3
5317,3074,4
5318,3074,5
5319,3074,6
5320,3365,1
5321,3365,2
5322,3365,3
5323,3365,4
5324,3365,5
5325,3365,6
5326,916,1
5327,916,2
5328,916,3
5329,916,4
5330,916,5
5331,916,6
5332,2987,1
5333,2987,2
5334,2987,3
5335,2987,4
5336,2987,5
5337,2987,6
5338,3076,1
5339,3076,2
5340,3076,3
5341,3076,4
5342,3076,5
5343,3076,6
5344,930,1
5345,930,2
5346,930,3
5347,930,4
5348,930,5
5349,930,6
5350,940,1
5351,940,2
5352,940,3
5353,940,4
5354,940,5
5355,940,6
5356,942,1
5357,942,2
5358,942,3
5359,942,4
5360,942,5
5361,942,6
5362,949,1
5363,949,2
5364,949,3
5365,949,4
5366,949,5
5367,949,6
5368,951,1
5369,951,2
5370,951,3
5371,951,4
5372,951,5
5373,951,6
5374,958,1
5375,958,2
5376,958,3
5377,958,4
5378,958,5
5379,958,6
5380,960,1
5381,960,2
5382,960,3
5383,960,4
5384,960,5
5385,960,6
5386,962,1
5387,962,2
5388,962,3
5389,962,4
5390,962,5
5391,962,6
5392,964,1
5393,964,2
5394,964,3
5395,964,4
5396,964,5
5397,964,6
5398,3079,1
5399,3079,2
5400,3079,3
5401,3079,4
5402,3079,5
5403,3079,6
5404,965,1
5405,965,2
5406,965,3
5407,965,4
5408,965,5
5409,965,6
5410,967,1
5411,967,2
5412,967,3
5413,967,4
5414,967,5
5415,967,6
5416,974,1
5417,974,2
5418,974,3
5419,974,4
5420,974,5
5421,974,6
5422,977,1
5423,977,2
5424,977,3
5425,977,4
5426,977,5
5427,977,6
5428,979,1
5429,979,2
5430,979,3
5431,979,4
5432,979,5
5433,979,6
5434,2992,1
5435,2992,2
5436,2992,3
5437,2992,4
5438,2992,5
5439,2992,6
5440,980,1
5441,980,2
5442,980,3
5443,980,4
5444,980,5
5445,980,6
5446,981,1
5447,981,2
5448,981,3
5449,981,4
5450,981,5
5451,981,6
5452,985,1
5453,985,2
5454,985,3
5455,985,4
5456,985,5
5457,985,6
5458,987,1
5459,987,2
5460,987,3
5461,987,4
5462,987,5
5463,987,6
5464,988,1
5465,988,2
5466,988,3
5467,988,4
5468,988,5
5469,988,6
5470,994,1
5471,994,2
5472,994,3
5473,994,4
5474,994,5
5475,994,6
5476,995,1
5477,995,2
5478,995,3
5479,995,4
5480,995,5
5481,995,6
5482,997,1
5483,997,2
5484,997,3
5485,997,4
5486,997,5
5487,997,6
5488,999,1
5489,999,2
5490,999,3
5491,999,4
5492,999,5
5493,999,6
5494,1013,1
5495,1013,2
5496,1013,3
5497,1013,4
5498,1013,5
5499,1013,6
5500,744,1
5501,744,2
5502,744,3
5503,744,4
5504,744,5
5505,744,6
5506,745,1
5507,745,2
5508,745,3
5509,745,4
5510,745,5
5511,745,6
5512,747,1
5513,747,2
5514,747,3
5515,747,4
5516,747,5
5517,747,6
5518,748,1
5519,748,2
5520,748,3
5521,748,4
5522,748,5
5523,748,6
5524,751,1
5525,751,2
5526,751,3
5527,751,4
5528,751,5
5529,751,6
5530,753,1
5531,753,2
5532,753,3
5533,753,4
5534,753,5
5535,753,6
5536,754,1
5537,754,2
5538,754,3
5539,754,4
5540,754,5
5541,754,6
5542,1017,1
5543,1017,2
5544,1017,3
5545,1017,4
5546,1017,5
5547,1017,6
5548,1020,1
5549,1020,2
5550,1020,3
5551,1020,4
5552,1020,5
5553,1020,6
5554,1021,1
5555,1021,2
5556,1021,3
5557,1021,4
5558,1021,5
5559,1021,6
5560,1024,1
5561,1024,2
5562,1024,3
5563,1024,4
5564,1024,5
5565,1024,6
5566,1026,1
5567,1026,2
5568,1026,3
5569,1026,4
5570,1026,5
5571,1026,6
5572,1027,1
5573,1027,2
5574,1027,3
5575,1027,4
5576,1027,5
5577,1027,6
5578,1028,1
5579,1028,2
5580,1028,3
5581,1028,4
5582,1028,5
5583,1028,6
5584,1031,1
5585,1031,2
5586,1031,3
5587,1031,4
5588,1031,5
5589,1031,6
5590,764,1
5591,764,2
5592,764,3
5593,764,4
5594,764,5
5595,764,6
5596,765,1
5597,765,2
5598,765,3
5599,765,4
5600,765,5
5601,765,6
5602,775,1
5603,775,2
5604,775,3
5605,775,4
5606,775,5
5607,775,6
5608,784,1
5609,784,2
5610,784,3
5611,784,4
5612,784,5
5613,784,6
5614,1056,1
5615,1056,2
5616,1056,3
5617,1056,4
5618,1056,5
5619,1056,6
5620,1058,1
5621,1058,2
5622,1058,3
5623,1058,4
5624,1058,5
5625,1058,6
5626,1062,1
5627,1062,2
5628,1062,3
5629,1062,4
5630,1062,5
5631,1062,6
5632,796,1
5633,796,2
5634,796,3
5635,796,4
5636,796,5
5637,796,6
5638,798,1
5639,798,2
5640,798,3
5641,798,4
5642,798,5
5643,798,6
5644,800,1
5645,800,2
5646,800,3
5647,800,4
5648,800,5
5649,800,6
5650,1068,1
5651,1068,2
5652,1068,3
5653,1068,4
5654,1068,5
5655,1068,6
5656,1069,1
5657,1069,2
5658,1069,3
5659,1069,4
5660,1069,5
5661,1069,6
5662,1072,1
5663,1072,2
5664,1072,3
5665,1072,4
5666,1072,5
5667,1072,6
5668,1073,1
5669,1073,2
5670,1073,3
5671,1073,4
5672,1073,5
5673,1073,6
5674,1079,1
5675,1079,2
5676,1079,3
5677,1079,4
5678,1079,5
5679,1079,6
5680,1081,1
5681,1081,2
5682,1081,3
5683,1081,4
5684,1081,5
5685,1081,6
5686,1082,1
5687,1082,2
5688,1082,3
5689,1082,4
5690,1082,5
5691,1082,6
5692,801,1
5693,801,2
5694,801,3
5695,801,4
5696,801,5
5697,801,6
5698,802,1
5699,802,2
5700,802,3
5701,802,4
5702,802,5
5703,802,6
5704,813,1
5705,813,2
5706,813,3
5707,813,4
5708,813,5
5709,813,6
5710,815,1
5711,815,2
5712,815,3
5713,815,4
5714,815,5
5715,815,6
5716,1091,1
5717,1091,2
5718,1091,3
5719,1091,4
5720,1091,5
5721,1091,6
5722,1095,1
5723,1095,2
5724,1095,3
5725,1095,4
5726,1095,5
5727,1095,6
5728,1096,1
5729,1096,2
5730,1096,3
5731,1096,4
5732,1096,5
5733,1096,6
5734,1099,1
5735,1099,2
5736,1099,3
5737,1099,4
5738,1099,5
5739,1099,6
5740,1100,1
5741,1100,2
5742,1100,3
5743,1100,4
5744,1100,5
5745,1100,6
5746,1101,1
5747,1101,2
5748,1101,3
5749,1101,4
5750,1101,5
5751,1101,6
5752,1102,1
5753,1102,2
5754,1102,3
5755,1102,4
5756,1102,5
5757,1102,6
5758,820,1
5759,820,2
5760,820,3
5761,820,4
5762,820,5
5763,820,6
5764,827,1
5765,827,2
5766,827,3
5767,827,4
5768,827,5
5769,827,6
5770,828,1
5771,828,2
5772,828,3
5773,828,4
5774,828,5
5775,828,6
5776,830,1
5777,830,2
5778,830,3
5779,830,4
5780,830,5
5781,830,6
5782,834,1
5783,834,2
5784,834,3
5785,834,4
5786,834,5
5787,834,6
5788,835,1
5789,835,2
5790,835,3
5791,835,4
5792,835,5
5793,835,6
5794,1103,1
5795,1103,2
5796,1103,3
5797,1103,4
5798,1103,5
5799,1103,6
5800,1105,1
5801,1105,2
5802,1105,3
5803,1105,4
5804,1105,5
5805,1105,6
5806,1106,1
5807,1106,2
5808,1106,3
5809,1106,4
5810,1106,5
5811,1106,6
5812,1108,1
5813,1108,2
5814,1108,3
5815,1108,4
5816,1108,5
5817,1108,6
5818,1109,1
5819,1109,2
5820,1109,3
5821,1109,4
5822,1109,5
5823,1109,6
5824,1111,1
5825,1111,2
5826,1111,3
5827,1111,4
5828,1111,5
5829,1111,6
5830,1112,1
5831,1112,2
5832,1112,3
5833,1112,4
5834,1112,5
5835,1112,6
5836,1113,1
5837,1113,2
5838,1113,3
5839,1113,4
5840,1113,5
5841,1113,6
5842,1114,1
5843,1114,2
5844,1114,3
5845,1114,4
5846,1114,5
5847,1114,6
5848,1115,1
5849,1115,2
5850,1115,3
5851,1115,4
5852,1115,5
5853,1115,6
5854,1116,1
5855,1116,2
5856,1116,3
5857,1116,4
5858,1116,5
5859,1116,6
5860,1117,1
5861,1117,2
5862,1117,3
5863,1117,4
5864,1117,5
5865,1117,6
5866,1120,1
5867,1120,2
5868,1120,3
5869,1120,4
5870,1120,5
5871,1120,6
5872,839,1
5873,839,2
5874,839,3
5875,839,4
5876,839,5
5877,839,6
5878,840,1
5879,840,2
5880,840,3
5881,840,4
5882,840,5
5883,840,6
5884,2958,1
5885,2958,2
5886,2958,3
5887,2958,4
5888,2958,5
5889,2958,6
5890,2997,1
5891,2997,2
5892,2997,3
5893,2997,4
5894,2997,5
5895,2997,6
5896,3088,1
5897,3088,2
5898,3088,3
5899,3088,4
5900,3088,5
5901,3088,6
5902,3089,1
5903,3089,2
5904,3089,3
5905,3089,4
5906,3089,5
5907,3089,6
5908,3090,1
5909,3090,2
5910,3090,3
5911,3090,4
5912,3090,5
5913,3090,6
5914,3091,1
5915,3091,2
5916,3091,3
5917,3091,4
5918,3091,5
5919,3091,6
5920,3092,1
5921,3092,2
5922,3092,3
5923,3092,4
5924,3092,5
5925,3092,6
5926,3093,1
5927,3093,2
5928,3093,3
5929,3093,4
5930,3093,5
5931,3093,6
5932,3295,1
5933,3295,2
5934,3295,3
5935,3295,4
5936,3295,5
5937,3295,6
5938,387,10
5939,387,11
5940,301,10
5941,301,11
5942,305,10
5943,305,11
5944,306,10
5945,306,11
5946,418,10
5947,418,11
5948,531,10
5949,531,11
5950,539,10
5951,539,11
5952,571,10
5953,571,11
5954,572,10
5955,572,11
5956,579,10
5957,579,11
5958,582,10
5959,582,11
5960,586,10
5961,586,11
5962,217,10
5963,217,11
5964,218,10
5965,218,11
5966,219,10
5967,219,11
5968,222,10
5969,222,11
5970,330,10
5971,330,11
5972,337,10
5973,337,11
5974,445,10
5975,445,11
5976,454,10
5977,454,11
5978,250,10
5979,250,11
5980,251,10
5981,251,11
5982,252,10
5983,252,11
5984,253,10
5985,253,11
5986,254,10
5987,254,11
5988,357,10
5989,357,11
5990,362,10
5991,362,11
5992,482,10
5993,482,11
5994,611,10
5995,611,11
5996,18,10
5997,18,11
5998,19,10
5999,19,11
6000,127,10
6001,127,11
6002,215,10
6003,215,11
6004,216,10
6005,216,11
6006,318,10
6007,318,11
6008,340,10
6009,340,11
6010,486,10
6011,486,11
6012,491,10
6013,491,11
6014,492,10
6015,492,11
6016,493,10
6017,493,11
6018,498,10
6019,498,11
6020,647,10
6021,647,11
6022,725,10
6023,725,11
6024,519,10
6025,519,11
6026,524,10
6027,524,11
6028,559,10
6029,559,11
6030,560,10
6031,560,11
6032,562,10
6033,562,11
6034,685,10
6035,685,11
6036,435,10
6037,435,11
6038,439,10
6039,439,11
6040,552,10
6041,552,11
6042,696,10
6043,696,11
6044,458,10
6045,458,11
6046,459,10
6047,459,11
6048,460,10
6049,460,11
6050,715,10
6051,715,11
6052,373,10
6053,373,11
6054,2965,10
6055,2965,11
6056,3264,10
6057,3264,11
6058,3081,10
6059,3081,11
6060,3263,10
6061,3263,11
6062,3245,10
6063,3245,11
6064,3265,10
6065,3265,11
6066,3278,10
6067,3278,11
6068,3208,10
6069,3208,11
6070,3277,10
6071,3277,11
6072,3364,10
6073,3364,11
6074,868,10
6075,868,11
6076,869,10
6077,869,11
6078,2986,10
6079,2986,11
6080,3274,10
6081,3274,11
6082,914,10
6083,914,11
6084,931,10
6085,931,11
6086,941,10
6087,941,11
6088,973,10
6089,973,11
6090,982,10
6091,982,11
6092,993,10
6093,993,11
6094,3284,10
6095,3284,11
6096,1010,10
6097,1010,11
6098,1012,10
6099,1012,11
6100,1015,10
6101,1015,11
6102,755,10
6103,755,11
6104,766,10
6105,766,11
6106,1034,10
6107,1034,11
6108,1039,10
6109,1039,11
6110,1047,10
6111,1047,11
6112,1060,10
6113,1060,11
6114,785,10
6115,785,11
6116,791,10
6117,791,11
6118,1080,10
6119,1080,11
6120,1083,10
6121,1083,11
6122,807,10
6123,807,11
6124,809,10
6125,809,11
6126,816,10
6127,816,11
6128,825,10
6129,825,11
6130,3000,10
6131,3000,11
6132,3095,10
6133,3095,11
6134,2960,10
6135,2960,11
6136,3096,10
6137,3096,11
6138,3286,10
6139,3286,11
6140,3289,10
6141,3289,11
6142,3297,10
6143,3297,11
6144,3298,10
6145,3298,11
6146,502,16
6147,502,17
6148,502,18
6149,502,19
6150,505,16
6151,505,17
6152,505,18
6153,505,19
6154,665,16
6155,665,17
6156,665,18
6157,665,19
6158,308,16
6159,308,17
6160,308,18
6161,308,19
6162,533,16
6163,533,17
6164,533,18
6165,533,19
6166,538,16
6167,538,17
6168,538,18
6169,538,19
6170,541,16
6171,541,17
6172,541,18
6173,541,19
6174,543,16
6175,543,17
6176,543,18
6177,543,19
6178,228,16
6179,228,17
6180,228,18
6181,228,19
6182,442,16
6183,442,17
6184,442,18
6185,442,19
6186,443,16
6187,443,17
6188,443,18
6189,443,19
6190,449,16
6191,449,17
6192,449,18
6193,449,19
6194,451,16
6195,451,17
6196,451,18
6197,451,19
6198,473,16
6199,473,17
6200,473,18
6201,473,19
6202,479,16
6203,479,17
6204,479,18
6205,479,19
6206,484,16
6207,484,17
6208,484,18
6209,484,19
6210,313,16
6211,313,17
6212,313,18
6213,313,19
6214,488,16
6215,488,17
6216,488,18
6217,488,19
6218,489,16
6219,489,17
6220,489,18
6221,489,19
6222,556,16
6223,556,17
6224,556,18
6225,556,19
6226,561,16
6227,561,17
6228,561,18
6229,561,19
6230,565,16
6231,565,17
6232,565,18
6233,565,19
6234,683,16
6235,683,17
6236,683,18
6237,683,19
6238,432,16
6239,432,17
6240,432,18
6241,432,19
6242,436,16
6243,436,17
6244,436,18
6245,436,19
6246,440,16
6247,440,17
6248,440,18
6249,440,19
6250,466,16
6251,466,17
6252,466,18
6253,466,19
6254,3246,16
6255,3246,17
6256,3246,18
6257,3246,19
6258,3163,16
6259,3163,17
6260,3163,18
6261,3163,19
6262,3367,16
6263,3367,17
6264,3367,18
6265,3367,19
6266,3363,16
6267,3363,17
6268,3363,18
6269,3363,19
6270,2979,16
6271,2979,17
6272,2979,18
6273,2979,19
6274,3214,16
6275,3214,17
6276,3214,18
6277,3214,19
6278,879,16
6279,879,17
6280,879,18
6281,879,19
6282,884,16
6283,884,17
6284,884,18
6285,884,19
6286,891,16
6287,891,17
6288,891,18
6289,891,19
6290,918,16
6291,918,17
6292,918,18
6293,918,19
6294,938,16
6295,938,17
6296,938,18
6297,938,19
6298,946,16
6299,946,17
6300,946,18
6301,946,19
6302,948,16
6303,948,17
6304,948,18
6305,948,19
6306,969,16
6307,969,17
6308,969,18
6309,969,19
6310,3084,16
6311,3084,17
6312,3084,18
6313,3084,19
6314,3086,16
6315,3086,17
6316,3086,18
6317,3086,19
6318,992,16
6319,992,17
6320,992,18
6321,992,19
6322,3083,16
6323,3083,17
6324,3083,18
6325,3083,19
6326,1002,16
6327,1002,17
6328,1002,18
6329,1002,19
6330,1014,16
6331,1014,17
6332,1014,18
6333,1014,19
6334,3085,16
6335,3085,17
6336,3085,18
6337,3085,19
6338,3087,16
6339,3087,17
6340,3087,18
6341,3087,19
6342,757,16
6343,757,17
6344,757,18
6345,757,19
6346,1036,16
6347,1036,17
6348,1036,18
6349,1036,19
6350,1037,16
6351,1037,17
6352,1037,18
6353,1037,19
6354,1038,16
6355,1038,17
6356,1038,18
6357,1038,19
6358,1049,16
6359,1049,17
6360,1049,18
6361,1049,19
6362,1070,16
6363,1070,17
6364,1070,18
6365,1070,19
6366,1075,16
6367,1075,17
6368,1075,18
6369,1075,19
6370,1076,16
6371,1076,17
6372,1076,18
6373,1076,19
6374,1077,16
6375,1077,17
6376,1077,18
6377,1077,19
6378,1078,16
6379,1078,17
6380,1078,18
6381,1078,19
6382,804,16
6383,804,17
6384,804,18
6385,804,19
6386,814,16
6387,814,17
6388,814,18
6389,814,19
6390,1085,16
6391,1085,17
6392,1085,18
6393,1085,19
6394,1093,16
6395,1093,17
6396,1093,18
6397,1093,19
6398,1098,16
6399,1098,17
6400,1098,18
6401,1098,19
6402,829,16
6403,829,17
6404,829,18
6405,829,19
6406,836,16
6407,836,17
6408,836,18
6409,836,19
6410,1104,16
6411,1104,17
6412,1104,18
6413,1104,19
6414,1119,16
6415,1119,17
6416,1119,18
6417,1119,19
6418,2969,16
6419,2969,17
6420,2969,18
6421,2969,19
6422,3008,16
6423,3008,17
6424,3008,18
6425,3008,19
